id,Id,Web_GRP,TV_GRP,Facebook_GRP,Tone_of_Ad,No_of_Web_Banners,Weather,Avg_Temperature,No_of_Rabbits,Network_Five_G,No_of_iPhone_14_Sold,No_of_Big_Cities,Health_Index,Sustainability_Index,Choc_Capital_Distance,No_of_Competitors,Import_Regulations,Time_in_Region,Percent_Internet_Access,Percent_Uni_Degrees,Percent_Unemployed,Gender,Coffee_Consumption,Avg_No_of_Cust_Complaints,Avg_Customer_Age,sales
327,327,99,56,74,funny,4,rainy,21,94,1,58,4,76,26,5390,6,1,92,57,32,7,0,high,235,20,461825.38
58,58,100,53,74,emotional,2,rainy,21,100,1,52,4,46,33,3822,4,1,54,44,34,9,0,low,246,67,187155.94
8,8,101,44,88,emotional,4,cloudy,20,88,0,69,4,63,47,2447,5,0,56,50,31,3,1,low,245,77,188302.23
866,866,102,53,65,funny,2,rainy,20,115,0,63,5,38,32,5051,5,0,98,57,37,4,0,low,224,35,516640.99
525,525,101,42,73,funny,5,sunny,14,103,0,72,5,68,39,8699,5,1,66,46,33,2,0,low,227,45,250103.04
321,321,100,30,74,funny,2,cloudy,29,118,1,71,6,69,36,1003,6,1,70,59,31,2,1,high,225,50,275189.21
53,53,97,43,95,funny,1,rainy,12,95,1,69,6,53,11,6892,7,0,85,48,38,1,0,medium,250,54,418223.2
236,236,99,55,87,emotional,1,cloudy,22,113,0,67,5,67,16,3716,5,1,67,49,30,8,1,low,245,74,282337.16
896,896,101,49,76,funny,4,rainy,22,109,0,74,3,44,23,2169,5,1,81,50,35,15,0,low,211,21,379116.73
482,482,103,49,74,funny,2,cloudy,18,99,0,77,6,62,27,7593,4,0,86,52,32,1,0,low,230,73,412192.73
811,811,100,39,73,funny,2,sunny,14,104,1,83,5,24,30,3813,6,1,42,37,33,6,0,low,228,47,133629.29
115,115,99,61,78,emotional,3,sunny,13,105,1,58,5,64,23,9153,5,1,58,46,34,11,0,medium,225,37,221690.56
917,917,101,39,79,funny,4,sunny,13,97,1,91,5,53,53,1588,5,1,53,50,31,3,1,low,245,68,165421.63
65,65,100,43,73,serious,5,cloudy,21,105,1,60,6,55,32,518,3,1,62,45,28,11,0,medium,263,40,232778.8
410,410,104,40,82,emotional,2,sunny,15,93,0,103,4,48,19,4822,6,1,39,73,38,11,1,high,252,45,124585.28
39,39,97,45,56,funny,3,cloudy,16,98,0,88,4,34,39,9297,5,1,69,59,34,9,1,medium,207,37,266966.67
14,14,98,69,81,funny,3,cloudy,14,102,1,67,5,54,38,3081,5,1,72,30,35,1,1,low,268,27,298598.1
180,180,102,46,64,funny,2,sunny,12,95,1,71,5,71,53,6768,5,1,77,45,32,15,0,low,243,34,311174.31
356,356,100,50,78,funny,4,sunny,23,101,0,78,6,50,39,5412,6,1,81,52,27,4,0,high,251,46,366615.57
12,12,98,56,79,emotional,3,cloudy,15,99,0,74,5,60,45,3289,6,0,59,65,34,3,0,medium,237,39,206461.67
518,518,100,53,84,funny,3,sunny,24,102,1,81,4,60,33,4290,6,0,59,45,36,3,1,low,245,35,212678.65
228,228,100,39,64,funny,1,cloudy,26,104,1,91,5,52,39,9795,6,0,75,37,32,6,1,low,252,61,305383.94
658,658,101,52,85,funny,2,rainy,12,99,0,72,6,16,21,6489,5,1,76,38,27,9,0,low,278,72,348847.62
371,371,100,36,74,funny,5,rainy,15,97,1,89,5,49,23,2745,5,1,72,53,33,5,0,medium,248,18,301719.93
144,144,98,51,80,serious,3,cloudy,25,99,1,91,3,46,29,7005,4,1,65,61,30,12,0,medium,232,49,257832.03
138,138,93,44,79,funny,1,rainy,20,106,0,49,5,41,40,1276,5,1,96,63,25,9,0,medium,257,65,492518.56
17,17,98,47,81,funny,1,sunny,24,104,1,94,5,33,21,6117,6,1,81,39,38,3,0,low,231,57,379375.84
581,581,98,51,82,serious,5,cloudy,19,93,1,107,5,31,51,2152,6,1,74,50,42,4,1,low,227,32,293911.82
152,152,101,49,78,funny,2,rainy,20,113,0,54,6,47,22,8275,6,1,78,54,25,9,1,medium,244,72,356731.45
762,762,101,68,61,funny,2,cloudy,27,92,1,52,5,55,26,723,6,1,67,62,33,9,0,low,248,69,269011.58
123,123,102,31,87,funny,1,rainy,21,102,0,89,5,56,49,6960,5,1,59,44,28,3,0,low,252,74,205529.58
964,964,98,59,71,funny,5,sunny,18,104,1,61,5,65,29,9793,5,1,55,49,36,5,0,low,254,67,190800.07
66,66,103,45,76,emotional,3,rainy,15,112,1,86,3,45,44,6870,5,1,68,55,37,4,1,medium,259,24,254636.85
116,116,98,45,72,funny,4,rainy,28,93,1,67,6,46,44,7844,4,1,53,44,32,6,0,low,230,34,169502.15
495,495,94,54,57,funny,3,sunny,19,91,1,81,3,35,26,296,6,1,41,42,34,20,0,medium,250,76,123119.28
112,112,103,37,63,funny,4,sunny,11,101,1,79,4,54,10,8454,3,1,86,55,33,3,0,medium,238,76,417264.47
712,712,98,46,73,funny,3,sunny,13,100,0,92,6,68,35,4012,5,1,79,50,32,3,0,medium,237,62,341970.9
96,96,98,52,76,emotional,1,sunny,18,105,1,63,6,58,43,7583,5,1,75,50,38,15,0,low,253,41,303837.46
305,305,104,53,85,serious,5,cloudy,26,97,1,85,5,41,18,4522,6,1,52,47,33,7,0,low,206,31,201474.49
79,79,96,57,91,funny,4,sunny,13,97,0,84,6,44,19,8890,5,0,94,62,32,1,1,high,244,34,497942.04
500,500,105,52,87,funny,1,cloudy,21,102,1,78,7,64,17,1781,6,1,80,48,23,9,0,low,241,19,380837.64
835,835,95,56,100,funny,4,rainy,12,90,0,59,5,34,35,9894,3,1,77,62,36,20,0,low,248,57,345248.37
245,245,103,58,78,emotional,2,rainy,14,94,0,68,4,65,9,2352,4,1,98,55,37,15,1,low,214,46,540507.94
534,534,99,55,66,emotional,5,cloudy,24,99,1,59,4,58,36,58,4,1,64,43,37,3,1,low,217,25,240296.87
744,744,100,47,67,funny,1,sunny,10,94,1,90,6,45,24,2199,5,1,58,54,29,12,1,high,236,63,217814.52
121,121,105,65,76,emotional,3,cloudy,21,97,1,61,6,22,38,2245,4,1,75,43,34,2,0,low,247,40,328941.0
981,981,100,51,64,funny,4,rainy,12,98,1,79,5,53,11,8875,5,1,60,42,32,4,1,low,234,28,238505.8
660,660,102,48,83,funny,2,sunny,22,110,1,88,5,55,16,3966,6,1,73,51,36,5,1,low,241,66,321724.0
509,509,99,55,69,funny,3,rainy,24,115,1,81,4,56,45,7061,7,1,67,57,29,1,0,low,240,72,256335.92
701,701,99,50,78,emotional,1,cloudy,21,101,0,90,6,52,36,1693,6,1,68,51,33,9,0,medium,239,61,266644.69
97,97,102,54,46,emotional,4,sunny,26,95,1,59,5,31,33,9846,6,1,78,53,30,1,1,low,238,65,338032.45
814,814,101,47,75,funny,3,cloudy,17,101,1,72,5,52,34,7452,5,1,74,26,33,1,0,medium,250,28,310689.15
985,985,103,56,74,funny,1,rainy,20,105,1,58,4,37,47,5300,5,1,64,36,29,15,0,medium,229,65,246686.53
913,913,97,48,70,funny,5,sunny,28,112,1,76,5,72,21,6845,4,1,71,48,40,10,1,low,256,34,288497.99
289,289,100,45,54,funny,5,sunny,11,101,0,70,6,66,14,772,4,1,48,40,37,9,0,medium,230,36,161037.87
145,145,99,32,69,funny,5,cloudy,19,98,0,59,3,57,44,2234,5,1,54,46,24,15,0,low,255,18,175868.24
451,451,95,59,79,funny,2,sunny,23,106,1,65,4,26,40,55,5,0,46,52,34,7,1,low,256,72,144954.63
219,219,96,51,70,emotional,1,cloudy,10,103,1,89,3,15,41,361,4,1,76,53,33,8,1,low,244,68,321603.1
239,239,96,57,57,funny,4,rainy,22,100,1,57,5,62,25,59,4,1,59,54,33,9,1,low,241,28,215091.7
198,198,96,50,87,funny,2,sunny,16,108,0,79,4,62,38,1535,7,1,64,47,39,11,1,low,214,56,238741.02
469,469,98,51,79,funny,4,rainy,27,104,0,98,4,62,42,1813,5,0,49,44,40,4,1,high,241,50,147850.8
691,691,98,52,77,funny,5,cloudy,20,98,1,79,4,34,24,4751,5,1,73,64,36,8,0,low,232,19,314466.26
417,417,98,68,79,funny,2,rainy,10,109,0,71,5,46,38,2958,5,1,88,51,38,3,1,low,235,69,424813.33
468,468,96,28,73,funny,1,rainy,20,100,1,84,4,60,17,454,4,1,33,58,31,4,1,high,229,59,100435.12
31,31,96,49,72,funny,5,sunny,18,105,0,71,6,29,14,3364,6,0,85,60,32,9,1,low,234,37,416976.01
178,178,102,56,88,emotional,5,cloudy,26,106,0,48,4,69,27,5985,5,0,88,49,32,4,1,low,227,19,437951.0
916,916,100,35,84,funny,1,rainy,13,90,1,94,6,42,19,5522,4,1,67,51,27,6,1,medium,222,31,282505.12
253,253,101,53,72,funny,5,sunny,20,114,0,101,5,60,24,4268,5,0,42,42,38,1,1,high,251,32,127864.2
125,125,98,47,88,funny,3,sunny,27,108,1,80,6,48,2,5316,6,1,62,54,30,2,0,low,242,52,259818.82
891,891,101,48,78,funny,1,cloudy,25,103,1,88,5,40,52,6279,4,1,53,47,38,8,0,low,262,72,161314.0
561,561,96,57,70,emotional,4,cloudy,26,88,0,74,6,54,26,8604,4,1,87,58,30,1,1,low,217,20,422155.97
890,890,99,51,75,funny,5,sunny,10,113,1,57,3,50,17,8483,4,1,70,60,29,12,0,low,228,26,298008.83
667,667,98,42,76,funny,3,sunny,12,112,0,78,6,34,17,473,4,1,89,52,24,4,0,medium,235,38,450983.22
173,173,101,58,74,emotional,5,cloudy,22,109,1,92,6,67,39,358,3,0,100,60,30,20,0,low,244,27,530525.68
871,871,92,47,68,funny,4,sunny,25,104,1,50,7,50,29,2251,3,0,81,43,37,5,0,low,242,34,360687.85
63,63,99,40,78,funny,5,rainy,26,97,1,73,5,28,39,5076,4,1,58,42,31,9,0,low,234,72,207539.21
461,461,101,48,70,funny,5,cloudy,26,99,1,74,5,51,31,6869,5,1,85,58,37,1,0,medium,264,34,394058.81
334,334,100,57,58,funny,3,rainy,24,96,1,77,5,57,45,1855,3,1,44,48,29,3,1,medium,259,28,129390.69
593,593,99,43,69,emotional,5,sunny,16,93,1,99,5,52,46,7126,6,1,89,45,33,3,1,medium,252,57,414209.82
153,153,100,48,61,serious,2,rainy,12,94,0,75,6,42,36,4121,6,1,74,60,28,1,0,low,218,65,313325.66
944,944,98,43,97,funny,5,rainy,13,93,1,91,4,54,42,9693,4,1,48,44,39,12,0,medium,258,55,147086.8
3,3,95,47,79,emotional,5,rainy,26,99,0,64,5,52,22,6084,6,1,44,53,36,9,0,medium,257,56,141639.41
399,399,99,43,94,funny,4,cloudy,25,95,1,72,4,58,34,8103,6,0,69,52,31,2,1,high,222,19,281819.2
612,612,100,46,81,funny,1,rainy,10,95,1,81,6,56,25,5040,5,1,89,42,39,3,1,low,213,39,438202.59
35,35,97,54,84,emotional,4,cloudy,20,89,1,67,4,78,39,4428,6,1,39,54,37,20,0,medium,248,26,106613.9
197,197,103,47,76,funny,5,sunny,24,87,1,61,5,54,38,163,5,1,63,37,29,1,0,medium,235,78,239577.72
527,527,100,55,67,emotional,3,sunny,17,108,1,79,6,57,58,6030,7,1,64,48,31,7,0,low,212,29,224619.71
943,943,99,61,78,funny,2,sunny,22,99,1,75,4,96,51,6600,7,1,79,54,28,6,0,medium,246,64,340816.57
323,323,96,58,80,funny,2,sunny,14,93,0,66,5,56,20,1697,5,1,79,52,27,3,1,low,223,70,369481.11
206,206,99,48,65,funny,3,sunny,16,99,1,78,6,37,16,2051,6,1,47,66,35,12,0,low,241,47,162115.09
171,171,100,48,60,emotional,1,rainy,17,92,1,80,5,73,23,4134,6,1,35,59,33,5,0,low,223,61,101726.89
785,785,99,49,93,emotional,1,sunny,18,98,1,71,4,48,24,9973,7,1,79,52,34,15,0,low,223,74,364903.87
454,454,104,54,74,funny,5,sunny,11,99,1,78,6,82,47,1264,6,1,58,40,23,2,1,medium,232,40,206508.41
207,207,98,49,62,funny,4,cloudy,20,99,1,81,6,62,34,5221,6,1,72,61,30,15,0,low,238,61,292243.4
879,879,98,52,82,funny,2,sunny,15,102,0,97,3,26,27,7916,5,1,79,59,32,1,1,low,216,33,364432.72
812,812,99,56,71,funny,1,cloudy,10,108,1,89,5,35,20,6081,4,0,68,47,31,3,1,low,224,18,286999.58
192,192,98,49,85,emotional,5,cloudy,10,96,1,73,4,35,28,4081,6,0,58,57,37,5,1,medium,267,35,209849.43
545,545,99,56,79,funny,5,cloudy,23,104,0,72,5,54,34,5512,5,1,94,44,41,15,0,low,256,70,471129.97
382,382,98,40,56,funny,1,cloudy,17,93,1,92,4,31,33,3213,7,1,52,50,30,1,1,low,221,70,170713.86
442,442,102,55,65,emotional,5,sunny,21,86,0,74,5,44,40,4222,4,1,64,55,35,4,0,low,268,34,233199.68
40,40,98,53,74,emotional,4,sunny,22,99,1,77,6,38,46,2491,5,1,62,64,32,15,0,medium,238,43,222543.35
877,877,100,55,77,funny,2,rainy,29,102,1,102,4,74,16,2235,6,1,82,44,33,3,0,medium,259,61,385830.18
654,654,99,52,75,funny,4,rainy,22,94,1,75,4,43,27,2797,6,0,78,35,34,2,0,medium,255,50,346118.72
10,10,96,55,66,funny,1,cloudy,27,92,1,38,5,33,15,9191,4,0,81,46,37,11,0,low,251,51,377625.47
456,456,99,53,73,funny,1,rainy,29,97,1,57,6,48,47,4689,6,1,69,48,28,4,1,medium,252,55,271451.19
299,299,97,55,52,funny,4,sunny,21,97,1,44,5,40,37,47,6,0,74,55,27,2,0,medium,270,55,308026.88
411,411,96,50,68,funny,3,rainy,23,96,0,70,7,62,17,1025,7,0,65,57,35,6,1,medium,243,67,257396.62
473,473,100,44,78,funny,2,rainy,19,94,1,65,5,72,-5,425,5,1,90,52,34,20,0,low,243,69,467923.06
769,769,100,50,86,emotional,2,sunny,17,106,0,49,4,53,26,1747,5,1,57,39,32,4,0,low,237,49,214321.82
543,543,98,47,99,funny,5,rainy,22,111,0,77,6,48,33,2689,5,1,75,51,29,6,0,low,268,24,328996.79
933,933,99,44,82,funny,4,sunny,19,101,1,74,4,47,12,1954,4,0,62,58,27,7,1,high,251,78,253950.83
698,698,104,42,68,funny,2,rainy,19,93,0,68,6,27,34,8500,4,1,80,43,34,11,0,medium,240,27,358096.21
365,365,95,56,68,serious,3,cloudy,21,92,0,93,3,78,32,4140,5,1,51,54,26,11,1,low,219,60,175902.65
41,41,95,51,65,emotional,2,cloudy,27,97,1,58,6,52,48,6064,6,0,51,55,31,11,0,low,256,40,150817.37
475,475,100,50,76,funny,5,rainy,18,98,0,75,5,61,17,4175,6,1,90,56,28,4,0,high,263,62,452322.44
224,224,98,58,84,emotional,4,rainy,10,98,1,81,5,42,14,8441,5,0,63,50,35,20,0,high,221,63,260800.72
487,487,104,45,71,emotional,1,cloudy,26,104,1,83,6,44,32,2023,5,1,48,68,31,9,0,low,243,46,156929.32
84,84,97,55,92,serious,3,rainy,10,104,1,67,6,72,23,5780,4,1,52,39,39,6,0,high,249,75,187167.41
196,196,106,46,92,funny,4,sunny,23,96,0,64,5,54,12,941,5,0,64,56,19,15,0,medium,230,48,275787.55
982,982,98,56,86,funny,2,sunny,27,98,0,101,1,48,21,3820,3,1,43,50,38,1,1,low,229,67,147436.68
33,33,101,50,95,funny,2,sunny,12,99,1,68,5,47,23,3515,5,1,80,52,28,7,1,low,240,77,377222.7
863,863,99,37,77,serious,1,rainy,17,97,0,61,6,37,43,6910,5,1,65,42,35,9,1,medium,239,19,240895.42
453,453,96,43,52,funny,5,sunny,22,101,1,79,5,51,51,9357,5,1,56,46,32,1,0,low,222,49,172173.18
600,600,97,60,83,funny,3,rainy,27,95,1,104,4,67,27,2972,4,1,49,36,33,9,0,low,238,52,172363.69
237,237,99,48,83,funny,1,cloudy,21,107,1,90,5,46,24,7697,5,1,58,50,39,2,1,low,232,32,216742.26
449,449,97,38,85,funny,3,cloudy,24,120,1,68,6,35,37,7211,5,1,69,54,36,2,1,high,260,36,269172.72
103,103,101,50,76,funny,3,cloudy,24,104,1,74,5,64,22,1789,7,1,73,60,29,9,0,low,234,41,314970.81
895,895,101,50,69,funny,1,cloudy,20,114,1,62,5,44,28,872,4,1,58,63,30,20,1,low,220,55,218401.21
60,60,99,50,87,emotional,3,sunny,22,103,1,94,5,47,40,3077,6,1,69,49,43,5,1,low,242,63,265030.82
705,705,98,56,71,funny,1,cloudy,13,97,1,61,4,42,37,9405,4,1,66,38,35,7,1,medium,249,29,253968.94
934,934,99,47,68,serious,4,cloudy,28,91,1,56,3,41,25,1905,5,1,44,45,30,3,0,low,234,28,144679.92
496,496,99,48,60,emotional,3,rainy,20,103,1,61,5,47,26,9917,4,1,64,43,34,15,0,medium,239,36,245477.84
751,751,99,39,83,emotional,1,cloudy,15,82,1,73,4,33,22,6194,4,1,65,45,30,7,1,medium,245,73,264849.2
510,510,95,41,79,emotional,1,sunny,10,93,1,83,5,40,44,3869,6,1,71,41,31,11,0,medium,237,76,282797.45
752,752,98,55,78,serious,3,rainy,24,94,0,67,5,14,47,2565,7,0,65,44,40,9,0,medium,256,51,236627.97
149,149,98,56,87,funny,3,sunny,26,102,0,68,3,53,29,7746,4,1,70,58,31,2,1,medium,230,51,296418.17
30,30,96,66,74,serious,3,sunny,28,85,1,71,7,31,25,1645,6,1,50,47,30,11,1,low,239,28,183135.65
748,748,94,53,73,emotional,2,sunny,12,110,0,124,4,61,41,8015,5,1,58,44,39,8,1,low,242,26,191878.61
676,676,100,57,72,funny,5,rainy,25,97,0,89,4,60,39,9598,6,0,55,52,34,2,0,low,244,33,184659.69
699,699,102,55,83,funny,2,rainy,19,105,0,67,7,64,20,3494,3,0,36,53,28,2,1,low,239,56,126083.78
618,618,100,57,79,emotional,1,sunny,26,106,1,85,5,72,45,5744,5,1,64,54,42,3,0,high,247,62,224372.84
232,232,99,45,81,funny,1,rainy,23,103,1,75,3,34,36,729,5,1,71,37,35,1,1,low,211,27,292265.23
579,579,95,55,92,funny,2,rainy,28,99,1,95,5,52,50,1399,6,1,80,16,33,1,0,low,245,30,352522.03
452,452,104,45,76,emotional,1,sunny,23,108,1,67,4,46,40,8092,4,0,60,45,46,9,1,medium,249,68,202729.46
565,565,98,44,74,funny,1,rainy,12,108,0,59,4,51,25,3133,5,1,69,40,32,11,1,medium,250,57,279680.3
783,783,98,39,71,funny,3,cloudy,14,101,1,65,4,28,24,3884,4,1,44,45,35,12,1,low,254,69,140976.79
281,281,98,50,89,funny,3,sunny,29,96,1,59,5,41,27,3157,4,1,40,48,38,4,1,low,275,29,126600.2
832,832,98,29,76,emotional,3,rainy,12,99,1,90,3,56,18,6478,5,1,60,33,26,1,0,medium,228,50,226799.53
44,44,97,42,75,funny,1,rainy,25,106,1,73,4,38,27,9396,4,1,80,49,30,12,1,medium,239,73,363006.12
293,293,99,46,79,emotional,3,sunny,20,105,1,58,4,31,23,5807,6,1,65,45,26,3,1,low,238,37,261860.76
592,592,104,39,75,funny,2,cloudy,12,103,0,67,6,44,17,9426,4,1,44,57,33,5,1,low,233,35,151500.74
578,578,97,50,91,funny,4,sunny,21,98,0,56,5,56,7,2529,5,0,74,60,34,4,0,medium,252,57,335856.23
988,988,97,49,90,emotional,1,rainy,20,89,1,63,5,42,20,3904,6,1,76,33,30,6,0,medium,236,67,344491.27
946,946,98,47,91,funny,2,rainy,14,106,1,63,4,45,22,5396,7,1,59,53,33,9,0,low,265,56,224916.74
290,290,95,46,80,funny,2,sunny,20,98,0,85,6,38,42,3030,4,1,78,45,27,12,0,high,263,63,341435.51
501,501,101,52,55,funny,3,cloudy,17,101,0,70,6,33,26,762,5,1,89,57,37,9,1,medium,267,42,428718.54
973,973,98,38,69,emotional,4,sunny,12,98,0,89,4,19,38,2675,6,1,75,75,34,20,0,medium,231,37,311284.46
535,535,100,49,74,emotional,3,cloudy,15,105,1,90,4,67,33,2756,5,1,48,62,31,20,0,low,263,52,151793.71
639,639,103,49,76,funny,4,rainy,19,94,0,98,4,73,17,4936,6,1,58,54,31,9,1,low,238,35,219589.34
70,70,101,61,82,funny,2,cloudy,14,112,0,66,7,54,22,5568,5,1,80,46,37,15,1,low,240,23,372400.73
175,175,96,53,79,serious,5,cloudy,19,108,1,76,5,42,44,8253,6,1,69,40,40,4,0,medium,226,70,267218.16
994,994,95,38,75,funny,1,cloudy,27,94,0,65,2,37,45,2580,5,1,55,63,32,8,1,low,211,50,185858.09
419,419,100,51,70,emotional,5,sunny,24,106,0,35,5,56,39,5505,5,0,33,48,32,8,1,low,246,46,89885.32
443,443,101,49,89,funny,1,cloudy,13,99,1,85,4,75,23,2186,4,1,85,60,32,6,1,medium,237,46,410546.78
340,340,93,51,66,emotional,3,cloudy,19,100,1,95,4,82,14,3297,3,1,81,55,32,15,1,medium,239,36,371128.57
374,374,93,43,72,emotional,1,cloudy,25,96,1,77,5,46,32,3912,4,1,73,58,26,7,1,medium,236,59,306913.66
404,404,92,47,66,funny,4,rainy,23,103,0,81,6,23,33,4520,5,1,62,38,36,1,1,low,246,63,223303.92
794,794,95,56,73,funny,1,sunny,16,108,1,67,5,35,22,8930,4,1,56,64,33,8,1,medium,241,32,209463.67
282,282,96,49,86,emotional,3,rainy,17,101,1,61,4,52,43,9349,6,1,80,41,33,1,1,low,253,23,349656.79
313,313,97,40,71,funny,4,sunny,13,101,1,81,3,50,28,9798,6,1,43,43,28,10,0,medium,220,54,137717.56
995,995,101,50,88,funny,5,rainy,23,94,1,85,5,44,46,738,5,1,88,54,30,20,1,low,237,32,425992.85
463,463,99,49,76,funny,4,sunny,23,96,1,75,6,38,24,6181,6,1,63,61,34,9,0,medium,231,71,249209.86
295,295,99,39,76,emotional,4,cloudy,10,100,0,59,4,32,52,1535,3,1,78,55,36,20,1,low,243,34,322673.1
824,824,100,51,64,funny,3,cloudy,16,105,0,88,5,73,23,8318,6,1,77,49,33,20,0,medium,228,60,337485.35
269,269,98,31,74,emotional,5,sunny,26,102,1,57,5,36,27,7964,6,0,63,54,38,4,0,medium,259,72,229150.84
401,401,102,51,77,funny,4,rainy,14,105,0,86,5,32,38,1391,4,1,52,45,27,9,1,medium,259,35,184143.75
837,837,98,58,61,funny,5,sunny,11,96,0,62,5,73,56,6320,7,1,50,52,28,2,1,low,253,58,148044.76
390,390,102,58,81,funny,2,sunny,22,111,0,78,5,29,30,8979,5,0,89,35,33,12,1,medium,241,55,446670.82
353,353,101,52,75,emotional,1,sunny,29,98,1,104,6,38,32,4974,5,1,59,29,37,1,0,low,237,52,213866.73
27,27,99,42,80,emotional,4,cloudy,19,94,1,65,4,35,12,4830,4,1,79,50,27,7,0,low,234,41,371478.93
311,311,95,37,88,emotional,3,cloudy,26,109,1,81,6,63,36,4528,6,1,52,47,34,6,1,low,242,43,166360.47
108,108,96,45,55,funny,2,cloudy,23,87,1,85,5,46,49,1457,4,1,81,56,33,3,1,medium,261,62,339191.05
76,76,99,42,56,serious,4,sunny,11,95,1,66,5,46,35,6077,6,1,70,55,31,2,0,medium,248,57,273637.23
759,759,102,53,85,funny,4,rainy,11,102,1,98,4,51,35,7430,7,1,113,49,34,9,0,medium,215,50,674516.46
819,819,99,54,69,funny,4,cloudy,18,93,0,53,6,56,35,2956,4,1,112,52,35,8,1,low,242,41,655381.34
953,953,102,57,80,funny,4,sunny,22,110,1,61,5,71,5,4771,6,1,68,57,30,1,0,low,244,56,295123.36
516,516,100,43,83,funny,4,rainy,26,103,0,102,4,62,32,7706,5,1,73,55,31,6,0,low,265,42,306552.47
731,731,100,30,68,funny,1,sunny,24,111,1,51,6,26,29,560,4,1,103,51,40,9,0,low,241,18,552861.21
402,402,96,57,83,emotional,2,sunny,11,109,0,104,4,21,28,9500,5,0,102,54,34,9,1,low,252,30,567063.48
947,947,100,37,69,emotional,4,rainy,16,104,1,74,6,57,39,9332,7,0,86,44,31,8,1,medium,250,66,392999.78
204,204,101,53,89,funny,2,cloudy,17,101,0,75,6,49,5,1989,6,1,73,40,41,1,1,low,220,41,336272.1
662,662,102,54,79,funny,3,sunny,10,91,0,74,5,69,32,2432,5,0,38,64,31,9,0,medium,244,74,118337.91
102,102,100,52,68,emotional,5,cloudy,27,97,1,70,6,66,14,8943,3,0,65,54,37,9,1,medium,236,34,260552.99
761,761,95,56,76,emotional,2,rainy,25,103,1,66,5,44,37,934,6,1,79,53,33,1,1,medium,247,20,350687.56
721,721,100,61,59,funny,2,cloudy,21,103,0,80,6,38,15,1991,7,1,78,54,33,2,1,low,238,21,351772.11
247,247,99,41,80,emotional,4,rainy,12,105,0,73,2,66,34,1130,5,1,85,49,31,8,1,low,231,32,393162.61
958,958,95,51,63,funny,4,sunny,16,109,1,79,5,41,27,894,5,1,67,59,35,9,0,low,260,69,262659.07
226,226,99,51,73,funny,5,cloudy,19,96,1,64,5,65,42,2385,5,1,89,46,36,20,0,low,248,24,416780.75
619,619,96,57,72,funny,4,cloudy,23,100,0,75,3,52,37,1343,5,0,74,67,34,8,0,low,240,75,308526.64
829,829,101,43,82,funny,1,cloudy,24,99,1,52,6,77,-5,6073,4,1,64,32,37,12,1,low,219,69,274636.3
813,813,98,50,82,funny,2,sunny,19,99,1,96,5,49,35,23,3,1,75,51,31,10,1,medium,241,55,322504.54
931,931,100,37,66,emotional,3,sunny,29,99,1,60,6,42,27,593,5,1,60,57,34,9,1,low,265,53,214213.54
570,570,97,61,80,serious,4,rainy,18,104,1,69,3,81,31,9888,5,1,61,47,31,15,1,high,234,58,232478.94
409,409,95,45,80,emotional,2,rainy,14,98,1,87,6,45,12,2927,4,1,85,43,39,1,0,medium,266,52,409935.1
129,129,102,54,64,funny,1,rainy,22,93,0,58,4,52,50,6675,4,1,50,51,33,12,1,low,227,44,156158.63
465,465,98,60,74,serious,2,rainy,21,93,0,104,4,52,24,6939,4,1,74,41,28,11,0,low,223,73,328887.13
214,214,98,62,58,emotional,5,rainy,29,99,1,54,4,45,14,7815,5,1,69,47,33,1,0,low,230,39,290825.76
506,506,101,59,73,funny,1,cloudy,27,101,1,63,7,59,24,5308,4,1,101,50,31,12,1,medium,250,43,554154.51
924,924,100,40,62,funny,3,sunny,22,97,1,65,5,64,41,2937,5,0,54,61,37,20,1,low,230,43,167848.11
597,597,102,47,98,emotional,4,rainy,16,102,1,81,6,72,37,7293,5,1,79,53,30,1,0,low,248,42,353113.06
530,530,99,59,92,funny,5,rainy,19,100,1,73,6,43,10,3954,4,0,84,44,32,11,1,low,251,72,420653.8
437,437,95,46,67,emotional,1,cloudy,17,104,1,53,3,56,20,5737,7,1,86,53,36,2,1,medium,225,42,405352.97
679,679,101,49,72,funny,1,sunny,23,95,1,54,3,43,32,6768,6,1,46,57,35,1,1,low,249,68,147284.35
361,361,97,45,74,funny,3,rainy,14,102,1,42,4,40,32,7358,6,0,64,55,35,1,1,low,230,42,245549.06
133,133,100,54,77,emotional,5,cloudy,29,104,1,80,6,58,30,507,4,1,66,57,39,7,0,medium,233,57,256332.25
694,694,102,41,62,funny,4,cloudy,26,95,1,78,6,48,21,6826,5,1,62,60,36,8,0,low,268,27,230058.37
951,951,101,54,64,funny,3,sunny,26,95,0,96,5,42,20,463,5,1,56,55,38,7,1,medium,258,37,200336.78
852,852,103,52,96,serious,2,rainy,26,95,0,78,5,61,42,2994,7,0,88,60,35,9,0,low,222,67,425046.6
350,350,99,21,85,funny,5,rainy,28,114,0,78,4,48,29,6828,4,0,75,45,35,7,0,medium,234,78,314102.54
296,296,103,50,72,funny,4,rainy,14,102,1,89,4,54,37,5124,4,0,47,49,29,15,1,medium,271,48,150223.65
907,907,93,63,75,funny,5,sunny,14,101,1,74,3,48,33,4803,4,1,79,54,28,15,0,high,207,18,358107.82
312,312,99,40,82,funny,1,rainy,19,104,0,82,5,47,27,7474,6,1,81,39,33,3,1,low,240,62,372414.84
602,602,97,40,80,funny,5,cloudy,10,88,0,70,5,39,26,9778,4,1,68,43,28,9,1,high,236,36,276229.49
856,856,102,64,79,funny,2,rainy,13,93,0,78,7,24,34,904,5,1,82,32,39,4,0,low,230,47,382625.26
460,460,94,52,89,funny,3,cloudy,14,94,1,72,5,56,62,954,5,1,106,51,31,5,1,medium,220,54,578742.61
55,55,99,50,75,funny,4,sunny,16,98,1,66,3,52,40,4357,5,1,74,45,32,20,0,low,242,60,309829.77
143,143,95,37,65,funny,3,sunny,11,96,0,69,4,75,28,8025,4,1,99,38,31,6,0,low,241,32,514270.78
132,132,96,42,62,serious,3,cloudy,27,101,1,88,6,51,17,1050,5,1,27,51,41,1,1,medium,250,62,75738.47
134,134,96,55,82,funny,3,cloudy,10,104,0,89,5,58,23,1816,4,1,56,35,29,3,0,medium,248,78,211920.43
904,904,97,64,85,funny,2,sunny,25,87,0,75,4,62,38,2297,5,1,90,74,39,1,1,medium,234,76,437951.65
285,285,99,52,77,emotional,3,sunny,22,104,1,74,6,30,21,8472,4,0,101,46,37,15,1,medium,233,72,556527.99
969,969,98,49,90,emotional,2,rainy,18,93,0,97,5,36,42,2297,4,1,74,54,31,4,0,low,226,37,315446.83
297,297,99,34,78,serious,3,sunny,21,105,0,73,4,56,11,5866,5,0,100,29,30,1,1,low,225,71,551755.57
792,792,100,48,95,emotional,1,sunny,15,106,0,77,4,45,10,5082,8,1,82,54,30,5,1,medium,221,37,401770.93
562,562,101,50,55,emotional,5,sunny,10,110,1,84,7,55,59,4485,4,1,70,49,30,9,0,low,225,25,259074.9
760,760,100,51,69,funny,3,sunny,27,107,1,82,5,51,29,4778,5,0,65,42,31,5,0,low,238,67,253573.56
136,136,99,62,87,funny,3,cloudy,17,95,1,116,4,60,14,7942,5,0,80,45,38,8,1,low,233,63,383084.87
213,213,97,54,65,emotional,4,sunny,12,108,1,86,5,44,28,4397,6,1,95,54,34,10,0,medium,241,52,485896.57
265,265,96,44,75,funny,3,rainy,25,89,0,69,4,42,33,5665,5,1,72,45,35,11,0,high,246,37,295098.1
23,23,98,39,92,emotional,1,sunny,19,91,1,82,4,56,23,1302,5,1,78,59,38,3,1,low,236,42,348611.64
98,98,96,61,80,funny,4,cloudy,13,105,0,57,5,56,17,2941,6,1,63,43,28,11,1,high,222,40,260890.76
20,20,97,55,94,funny,4,rainy,11,104,1,70,5,54,44,3162,5,1,60,49,35,10,0,low,246,39,217107.11
234,234,100,46,66,serious,4,rainy,25,94,0,60,5,26,44,3990,5,1,65,64,37,3,1,low,232,67,238715.03
325,325,99,42,56,funny,2,rainy,24,95,1,75,6,38,26,2937,6,1,59,44,30,2,0,low,263,78,211479.48
113,113,100,50,71,funny,5,rainy,15,103,1,105,6,64,34,9340,4,1,86,49,34,10,0,low,253,77,398480.09
362,362,102,55,75,funny,5,rainy,28,108,0,71,5,45,29,2009,6,0,60,52,30,9,1,low,241,78,229699.13
477,477,101,38,66,funny,1,sunny,11,96,0,86,6,70,40,7937,3,1,57,56,41,3,0,low,243,56,179861.13
787,787,95,47,72,emotional,4,cloudy,10,100,0,83,6,44,36,810,5,1,73,53,29,9,0,high,201,43,304170.06
118,118,100,59,75,emotional,1,cloudy,16,100,1,72,4,50,25,9601,5,1,100,55,33,3,0,medium,247,20,545923.38
467,467,95,53,76,funny,2,sunny,16,101,1,62,3,64,47,3003,6,1,99,58,35,4,0,low,243,22,507539.72
606,606,100,36,72,emotional,3,rainy,28,86,1,59,5,69,37,4538,6,1,95,54,31,12,0,medium,243,22,474192.08
57,57,99,45,83,funny,4,cloudy,13,93,1,90,4,40,43,5964,7,1,69,52,36,6,0,medium,226,22,270240.14
406,406,100,46,65,funny,2,cloudy,17,111,1,71,5,49,30,9702,6,1,63,63,27,12,0,low,230,49,239313.47
717,717,97,31,60,funny,4,rainy,26,94,1,70,4,86,37,2747,5,0,60,56,30,3,1,medium,249,76,195175.62
810,810,98,47,84,emotional,2,cloudy,28,102,0,82,5,48,24,2188,8,0,88,38,30,11,1,low,248,40,436189.75
957,957,96,46,75,funny,3,sunny,18,97,0,74,5,60,56,9047,5,1,72,51,31,6,1,medium,233,41,276737.22
970,970,94,64,59,funny,5,rainy,29,89,1,88,4,55,42,7173,5,1,58,54,25,15,1,medium,242,20,203410.54
420,420,101,61,73,funny,4,cloudy,23,93,1,83,6,35,36,9275,5,1,51,38,32,10,0,low,239,74,175412.93
558,558,106,55,87,emotional,2,rainy,10,105,1,47,6,62,14,6466,4,1,27,55,33,9,0,low,232,20,105050.23
286,286,102,51,101,funny,1,cloudy,19,100,1,78,5,55,23,9414,5,1,91,48,35,5,1,medium,261,52,467877.52
753,753,99,49,72,funny,4,sunny,26,99,1,85,4,46,9,1009,5,1,69,51,32,1,0,medium,248,74,294518.93
493,493,99,46,66,serious,3,sunny,19,109,1,82,6,50,32,2831,4,0,68,54,38,3,0,high,266,38,260823.84
259,259,98,61,76,funny,1,rainy,14,113,0,72,8,41,25,4693,3,0,85,48,43,9,1,medium,229,20,408300.01
681,681,104,59,77,funny,3,cloudy,23,97,0,84,5,34,44,5338,5,0,78,50,36,4,1,low,207,73,342155.01
826,826,101,48,81,emotional,5,sunny,24,108,0,74,3,55,2,8689,5,1,107,41,36,20,1,medium,228,51,635419.46
763,763,98,52,66,emotional,5,cloudy,19,98,0,87,5,46,45,6060,4,1,46,58,37,9,1,low,244,76,129151.67
882,882,102,57,76,funny,2,rainy,12,92,1,92,6,39,46,7895,7,1,81,49,42,1,0,low,256,28,350269.9
968,968,96,51,94,funny,1,cloudy,10,91,0,72,5,49,32,5650,5,1,64,42,29,4,1,low,271,41,255687.53
49,49,101,39,62,funny,1,sunny,13,91,0,78,7,47,29,2524,6,1,55,48,38,2,0,low,260,38,184166.31
248,248,100,53,78,funny,2,rainy,12,106,1,63,6,49,23,4645,6,1,54,37,34,8,1,low,243,26,195723.4
796,796,99,51,75,funny,5,sunny,22,109,0,91,6,63,56,3615,4,1,58,47,39,15,0,medium,247,54,176667.73
756,756,96,56,62,funny,1,rainy,17,98,1,65,6,83,11,3850,5,1,66,55,46,4,1,low,228,44,262998.75
128,128,101,53,94,serious,1,cloudy,16,109,1,79,4,52,24,7906,7,0,110,57,31,6,1,low,225,55,659503.01
559,559,104,59,86,funny,5,rainy,11,114,1,84,5,43,36,1908,5,0,46,44,30,9,0,low,260,43,154895.8
750,750,100,44,73,emotional,4,sunny,27,107,0,52,6,41,32,3397,5,1,47,52,38,7,0,low,246,50,145149.86
268,268,100,60,76,serious,3,sunny,17,105,0,66,5,43,34,3288,5,1,75,57,36,4,1,low,257,25,319984.06
339,339,105,50,95,emotional,2,cloudy,17,92,1,61,4,34,37,9399,4,1,75,55,34,9,1,medium,248,56,326932.42
831,831,102,60,78,emotional,2,rainy,18,96,1,93,5,67,35,9062,7,0,72,59,34,9,0,medium,254,52,296681.61
876,876,100,43,66,funny,3,cloudy,28,110,0,66,7,64,39,2811,6,1,88,59,35,2,0,low,263,28,403777.08
621,621,103,52,68,funny,4,sunny,24,94,1,72,5,65,25,3733,5,0,56,54,37,2,1,high,217,74,198772.27
714,714,101,53,64,emotional,5,rainy,10,103,1,73,5,70,13,2167,4,0,86,34,37,1,0,low,247,78,412214.3
802,802,103,50,83,emotional,2,sunny,21,101,0,69,5,28,10,3248,4,1,56,40,30,9,1,low,223,67,228784.28
169,169,99,50,79,emotional,5,cloudy,25,94,1,92,6,51,24,4582,5,1,84,49,32,4,0,low,234,73,403437.81
222,222,100,50,82,funny,3,rainy,28,99,0,88,6,53,50,3787,6,1,86,42,28,10,1,low,225,62,405968.31
100,100,97,53,85,serious,3,sunny,25,97,1,95,5,40,42,3310,3,0,98,63,36,9,1,medium,236,53,510830.34
159,159,97,55,67,funny,1,rainy,15,103,0,89,5,49,23,6580,6,1,61,33,33,9,0,low,214,71,235102.85
521,521,94,44,65,funny,2,sunny,28,105,1,99,6,50,38,889,4,1,89,29,28,2,0,low,257,65,423523.61
633,633,101,42,91,emotional,4,cloudy,18,101,0,92,4,33,21,9132,5,0,55,41,39,7,0,low,228,51,207627.53
538,538,101,44,83,funny,3,rainy,22,97,0,83,4,58,17,9677,6,1,74,47,31,9,1,low,239,53,326711.38
729,729,97,59,70,serious,1,sunny,19,94,1,81,4,26,20,1480,6,1,73,52,34,12,1,low,230,49,321972.17
218,218,101,51,81,funny,4,sunny,24,103,1,41,3,26,38,2454,3,1,51,42,37,3,0,low,223,40,172287.81
83,83,97,50,83,funny,2,sunny,18,102,0,91,5,61,18,7079,5,0,79,48,35,12,1,medium,264,71,361297.69
50,50,100,61,89,funny,2,rainy,12,97,1,60,6,28,36,9648,6,1,73,53,32,7,1,low,259,28,315153.63
199,199,99,36,67,funny,3,cloudy,10,86,1,63,4,65,43,2495,3,1,59,54,36,2,0,low,262,51,191059.1
383,383,102,47,58,funny,4,cloudy,11,90,0,68,5,32,45,1453,4,1,87,42,20,12,1,low,228,39,417934.39
341,341,95,52,63,serious,4,rainy,24,106,1,70,5,18,29,5802,6,1,46,54,28,11,0,medium,246,43,154689.34
202,202,103,56,74,funny,4,rainy,26,111,0,90,5,49,31,4698,5,1,78,57,28,9,0,low,246,40,349958.86
64,64,94,57,80,funny,2,cloudy,18,104,0,81,5,27,23,4861,4,0,34,48,29,5,0,low,261,41,115009.64
923,923,103,52,66,emotional,1,cloudy,15,95,1,61,6,55,47,6557,5,1,85,41,26,3,1,low,253,34,392920.68
840,840,97,49,73,funny,5,rainy,20,92,1,59,2,63,36,9311,4,0,67,48,35,15,0,low,247,35,253666.56
52,52,98,55,77,funny,2,sunny,13,105,1,102,5,23,34,7564,4,1,79,50,35,9,1,medium,229,55,356236.59
7,7,102,40,69,serious,5,sunny,29,88,1,64,7,53,54,865,5,0,68,47,24,15,0,low,236,34,260543.59
625,625,96,45,75,funny,1,cloudy,22,106,0,49,4,50,38,5596,4,1,57,48,32,2,1,low,243,72,196626.28
260,260,99,48,59,funny,5,cloudy,22,91,0,85,5,39,40,9969,7,0,66,54,37,5,1,low,236,76,242565.46
781,781,101,44,67,funny,5,rainy,16,84,0,81,6,59,32,2615,5,1,74,51,31,4,0,low,249,55,305501.14
342,342,101,44,82,funny,5,cloudy,17,96,1,88,7,30,43,4388,4,0,70,44,36,4,0,medium,250,53,276430.37
251,251,98,52,77,emotional,4,sunny,21,103,1,65,6,66,47,4011,4,1,66,53,31,7,0,low,264,26,244246.17
407,407,101,53,94,funny,5,cloudy,18,95,0,63,6,61,20,9830,4,1,78,55,33,15,1,low,237,40,359434.85
710,710,103,49,88,funny,2,rainy,28,93,0,68,7,28,43,8421,5,1,68,66,35,11,1,medium,241,46,270530.47
690,690,99,51,62,funny,2,rainy,19,99,0,83,5,70,19,5121,5,0,68,62,36,12,1,medium,222,19,275205.65
93,93,101,47,74,emotional,2,cloudy,28,93,1,52,6,71,28,1865,5,1,62,48,28,3,0,low,241,37,232690.49
743,743,97,47,84,emotional,2,cloudy,27,94,1,86,5,36,33,6823,4,1,45,57,26,6,1,low,257,36,151301.9
59,59,103,51,77,emotional,3,sunny,18,104,0,68,5,40,17,8116,5,1,83,39,36,9,0,high,242,21,397633.55
900,900,97,50,83,emotional,1,sunny,19,100,0,86,5,67,24,8834,4,0,73,56,31,9,1,medium,246,32,313695.6
719,719,98,53,53,funny,4,cloudy,19,93,1,71,6,60,37,6157,7,1,51,51,29,8,1,low,232,27,162510.05
332,332,97,49,67,serious,2,cloudy,23,102,1,62,4,57,30,9055,5,1,75,47,34,1,1,medium,226,40,319138.86
95,95,100,46,82,funny,3,cloudy,11,95,1,77,6,61,53,5994,5,1,73,35,37,20,0,low,241,24,285296.68
533,533,98,55,64,emotional,5,sunny,26,94,0,70,7,58,28,6964,6,1,56,49,29,7,1,low,241,75,197039.04
457,457,99,42,62,funny,2,cloudy,14,100,0,71,5,45,19,3287,4,1,84,40,32,6,0,high,246,35,394638.72
815,815,90,65,97,emotional,1,sunny,15,102,1,55,6,63,22,849,6,1,67,55,33,11,1,low,236,62,282733.43
569,569,99,52,84,emotional,1,sunny,21,104,1,74,4,44,17,6299,4,0,74,47,24,4,1,low,238,19,335125.51
661,661,91,56,77,funny,4,cloudy,15,89,0,76,5,58,27,557,4,1,39,59,36,1,1,medium,241,30,117452.71
359,359,98,53,68,emotional,4,sunny,25,93,0,77,5,54,28,7789,5,1,29,55,41,9,0,low,229,67,81044.76
956,956,94,39,57,funny,5,rainy,17,104,0,67,5,52,19,8612,4,0,58,45,32,4,0,low,239,61,210122.19
403,403,102,43,70,emotional,2,sunny,19,103,1,90,5,59,24,7531,6,1,71,49,31,9,0,low,258,32,290905.66
950,950,96,54,70,emotional,2,cloudy,14,107,0,66,6,44,24,8004,4,1,48,53,38,7,0,low,250,59,161509.56
571,571,98,63,66,funny,3,cloudy,21,103,1,55,4,59,60,7617,5,1,70,37,37,5,1,medium,241,52,257679.64
114,114,93,56,81,emotional,3,rainy,23,95,1,63,6,48,38,6481,5,0,84,30,33,1,0,low,234,49,388552.25
37,37,99,51,77,serious,3,rainy,22,86,1,51,7,34,50,3618,5,1,76,57,44,2,1,low,213,61,307969.0
845,845,99,43,81,funny,1,sunny,29,84,1,80,5,61,47,4889,6,1,54,51,28,15,1,low,250,54,178293.51
857,857,97,55,74,funny,3,cloudy,23,98,0,76,5,63,33,2238,5,1,64,36,37,6,0,medium,245,35,237993.9
223,223,100,67,75,emotional,3,cloudy,28,111,1,71,5,50,18,477,5,1,63,63,31,3,1,low,227,34,258992.47
459,459,95,37,65,funny,1,rainy,28,114,1,41,5,42,47,8520,6,0,79,41,38,9,0,low,251,27,323585.44
162,162,98,49,76,serious,4,cloudy,24,103,0,84,4,49,33,2540,6,1,73,42,27,9,1,medium,250,74,310714.32
424,424,101,43,79,funny,4,cloudy,21,102,1,79,5,76,20,7462,6,0,74,36,39,20,1,medium,249,24,314297.6
13,13,95,51,68,emotional,1,sunny,27,100,1,71,6,16,16,3124,7,1,72,58,37,10,0,low,236,65,308911.82
828,828,100,49,68,emotional,3,rainy,27,83,1,74,4,66,22,7183,4,0,69,41,39,6,0,medium,220,51,279912.8
774,774,105,52,83,funny,5,cloudy,24,99,0,68,7,39,25,1630,7,1,57,53,31,7,1,low,238,19,219595.28
352,352,98,41,97,funny,4,sunny,16,97,0,69,5,70,28,4618,3,0,57,56,34,9,0,medium,222,42,210019.92
656,656,95,58,71,serious,4,sunny,22,96,0,75,5,46,30,7185,4,1,89,47,34,4,1,medium,240,32,435777.58
488,488,98,45,60,serious,5,sunny,24,102,0,60,5,67,4,4468,5,0,94,47,39,6,1,medium,217,30,492112.53
194,194,99,50,68,emotional,5,cloudy,17,90,1,65,5,42,45,6509,6,1,105,43,36,8,1,low,256,32,567411.69
966,966,103,44,91,funny,5,rainy,27,98,1,49,6,59,30,7594,3,1,67,45,35,4,0,low,225,26,271539.79
25,25,99,49,65,funny,1,sunny,12,106,1,67,6,27,60,9327,7,0,62,37,33,2,0,medium,231,60,210042.23
422,422,101,54,75,funny,5,cloudy,15,117,1,75,5,47,20,3694,7,1,60,52,33,10,0,low,210,60,237593.47
389,389,99,51,76,funny,5,rainy,21,101,1,100,6,40,36,2860,4,0,90,63,33,9,0,low,230,62,444228.05
682,682,97,60,74,funny,2,rainy,27,103,1,111,6,53,28,9388,4,1,97,44,35,1,1,medium,221,48,511410.31
233,233,94,47,92,serious,3,rainy,17,103,1,71,6,53,30,6659,3,1,74,48,32,7,1,low,226,66,320550.64
370,370,94,52,67,emotional,3,cloudy,17,109,1,99,6,29,22,4377,6,1,34,52,38,15,0,low,233,55,105883.75
335,335,99,56,52,funny,1,cloudy,15,100,0,88,4,43,47,7870,4,1,50,55,35,20,1,medium,250,27,145230.53
476,476,97,45,90,funny,1,cloudy,26,101,0,75,4,46,35,7435,6,1,67,51,32,2,1,low,249,77,268763.01
480,480,99,47,66,funny,3,cloudy,24,98,0,76,6,48,16,9826,5,1,92,48,30,15,1,high,238,59,469199.28
630,630,99,50,90,funny,1,sunny,26,108,0,102,4,64,23,9019,3,1,70,43,41,11,1,medium,234,34,293129.53
111,111,101,47,88,emotional,4,cloudy,10,105,1,66,5,58,39,51,6,1,59,50,37,6,0,medium,241,68,208495.46
283,283,99,53,75,funny,4,cloudy,27,109,0,74,4,67,37,750,6,1,41,50,41,12,1,medium,261,34,113099.52
266,266,101,53,86,funny,5,cloudy,13,101,1,66,6,53,20,565,4,1,70,50,30,4,1,medium,257,66,305990.05
82,82,100,51,81,emotional,1,cloudy,28,94,1,93,5,57,36,8358,4,1,83,44,31,1,1,medium,251,46,383278.65
987,987,93,60,82,serious,4,sunny,24,102,0,95,2,64,51,4062,5,1,59,47,32,9,1,low,243,60,202804.86
978,978,95,44,83,emotional,3,sunny,20,94,0,56,4,48,31,2296,5,1,72,46,35,4,1,medium,226,73,298237.55
148,148,104,58,79,funny,4,sunny,14,96,0,59,4,41,23,1871,4,1,86,63,30,8,0,low,227,59,426632.0
604,604,97,45,78,funny,1,sunny,24,98,1,76,6,79,16,5386,5,1,74,53,36,1,0,medium,232,30,319181.54
901,901,99,54,81,funny,4,sunny,28,101,1,63,6,74,33,3962,6,1,85,63,38,9,0,high,228,55,394842.65
11,11,97,46,64,funny,3,rainy,29,105,1,66,6,57,53,2787,4,1,113,41,32,6,0,low,254,20,645691.67
865,865,97,52,62,funny,5,sunny,23,100,0,44,5,47,31,2151,4,1,54,40,26,11,0,low,261,42,186941.6
446,446,102,47,65,funny,3,rainy,15,102,1,88,2,80,29,5996,5,1,76,43,32,9,0,low,272,34,319530.02
261,261,100,59,83,funny,4,sunny,12,106,1,71,6,37,24,3781,1,0,85,59,28,1,1,medium,225,65,420939.43
673,673,101,50,84,funny,3,sunny,24,96,1,87,6,57,29,9807,6,1,84,55,32,20,1,low,227,36,398923.81
867,867,97,50,62,emotional,2,cloudy,13,85,0,85,5,51,35,9509,6,1,98,53,34,4,0,high,258,37,502404.18
864,864,100,46,89,emotional,5,cloudy,28,99,0,54,5,1,23,1463,6,1,93,52,36,5,0,low,247,43,487424.94
628,628,100,46,83,funny,5,cloudy,22,96,1,87,5,35,41,1753,4,1,66,49,34,6,1,low,240,50,254494.48
210,210,96,39,69,emotional,2,rainy,20,106,1,95,6,87,18,433,4,1,74,57,38,11,1,low,264,41,304828.17
78,78,100,54,84,funny,3,sunny,26,90,1,85,6,55,36,2866,3,1,62,44,27,4,0,high,247,56,240734.49
276,276,99,47,73,funny,4,sunny,15,102,0,74,5,44,23,7842,3,0,77,47,36,2,0,medium,240,48,340274.01
693,693,100,46,83,funny,3,cloudy,13,92,1,61,6,64,31,1335,5,1,49,51,39,3,1,high,255,31,159220.43
795,795,100,41,75,emotional,4,cloudy,15,87,1,85,6,63,42,6042,5,1,58,47,40,20,0,medium,232,71,189904.33
484,484,99,61,68,funny,4,sunny,16,100,0,93,4,38,65,8502,4,1,70,53,31,6,0,medium,251,72,263214.99
984,984,105,56,79,funny,2,cloudy,17,98,0,70,7,40,26,96,6,1,69,63,34,6,1,low,243,69,287739.99
99,99,103,52,80,funny,2,sunny,20,97,1,74,4,34,12,5775,5,1,69,47,30,2,0,low,252,51,299527.39
703,703,98,47,75,funny,2,rainy,15,98,0,61,7,43,24,1297,5,0,53,46,30,9,0,low,261,43,187405.38
88,88,100,58,82,emotional,2,cloudy,26,87,0,96,6,57,34,1646,6,1,78,42,37,6,1,low,241,54,341082.91
688,688,96,44,78,emotional,4,cloudy,15,88,0,63,5,63,24,9468,5,1,63,49,25,6,1,medium,272,76,242377.99
869,869,99,54,86,emotional,4,sunny,21,98,1,76,6,47,10,5933,5,1,81,61,38,4,0,medium,239,51,389552.51
378,378,95,63,63,funny,5,rainy,18,96,1,80,5,26,24,7355,4,1,80,34,34,4,0,low,229,50,369339.78
304,304,104,42,57,funny,5,sunny,21,93,1,79,5,54,35,6372,5,0,81,70,34,1,1,medium,246,66,352257.6
408,408,97,54,73,emotional,5,sunny,12,105,0,76,8,52,53,1957,5,0,90,55,42,3,0,low,261,34,408853.67
355,355,98,49,61,funny,3,sunny,27,112,0,65,4,54,16,2619,4,0,96,59,36,20,1,low,223,28,504370.12
732,732,98,42,82,serious,5,sunny,28,109,0,90,4,46,52,3966,4,1,73,41,33,1,0,low,270,41,288054.43
930,930,98,47,63,funny,1,sunny,20,98,0,74,4,48,35,1808,5,1,61,44,34,11,1,medium,262,75,214887.68
805,805,99,45,91,funny,4,sunny,19,106,0,85,3,44,25,4717,6,1,63,43,33,7,1,low,239,26,249740.13
989,989,99,46,78,funny,5,sunny,20,107,1,90,6,64,31,1623,3,1,75,47,35,9,0,low,238,76,318791.47
160,160,98,50,80,emotional,1,sunny,10,93,1,75,6,37,39,636,5,1,75,54,31,5,0,low,268,21,315984.22
426,426,96,45,69,emotional,4,sunny,15,95,1,68,6,49,21,4702,5,0,88,54,31,20,1,low,254,41,424414.52
423,423,100,47,91,funny,3,cloudy,18,107,1,57,3,36,52,2412,6,0,89,33,41,3,0,medium,257,51,412984.31
187,187,98,61,71,funny,3,cloudy,29,94,0,67,4,43,18,2412,5,1,57,41,32,9,1,low,213,62,222978.37
455,455,102,58,85,emotional,2,sunny,21,102,1,55,5,44,31,5135,6,1,70,50,30,20,0,low,200,78,300682.53
462,462,99,50,81,funny,3,cloudy,22,111,1,83,4,56,7,9927,4,0,81,48,37,9,0,low,243,49,388108.72
326,326,96,45,86,serious,1,rainy,24,106,0,70,4,51,1,991,4,1,58,52,36,20,0,low,242,42,235706.35
948,948,96,62,80,funny,4,cloudy,27,103,0,45,6,29,26,5685,4,1,68,57,34,8,0,low,232,63,288096.85
354,354,99,46,95,funny,5,rainy,25,104,1,89,6,30,28,7918,4,1,87,51,34,2,1,low,233,54,430732.35
513,513,99,57,65,funny,3,cloudy,22,92,1,71,5,31,47,991,6,1,78,52,30,10,0,low,265,29,333800.73
980,980,99,55,81,serious,5,sunny,27,102,0,82,5,49,20,746,6,0,83,57,26,15,0,medium,241,78,402141.33
87,87,96,52,71,emotional,1,sunny,23,106,1,59,5,75,41,83,4,1,76,49,28,9,1,medium,241,31,321849.1
502,502,96,42,88,funny,5,rainy,10,106,1,68,4,55,43,2235,3,1,63,52,33,9,0,low,215,36,234720.18
191,191,99,49,74,emotional,1,sunny,20,97,1,101,6,45,25,4381,5,1,93,53,34,8,1,low,234,28,473997.97
820,820,100,54,70,serious,2,rainy,11,106,0,81,7,45,42,3275,4,1,92,51,38,10,1,low,250,22,447714.22
396,396,100,44,76,emotional,1,cloudy,14,101,1,75,5,13,17,449,6,1,75,47,36,15,0,low,240,67,334567.82
798,798,100,55,87,serious,5,cloudy,22,101,0,89,4,32,21,5713,7,0,86,53,34,11,1,medium,272,33,423957.57
42,42,99,52,62,emotional,4,cloudy,16,90,1,63,4,29,28,9211,6,1,78,54,35,4,1,medium,260,46,337865.21
586,586,98,52,68,funny,4,cloudy,26,90,1,83,5,61,38,239,6,1,82,33,31,5,1,low,260,59,361895.52
528,528,105,54,73,funny,4,rainy,19,99,0,92,5,28,17,36,5,1,87,60,28,6,1,medium,253,45,437253.22
301,301,95,69,96,serious,1,sunny,22,101,1,50,5,37,27,7703,3,1,63,41,32,9,0,low,216,71,265246.21
962,962,100,50,83,funny,4,sunny,23,100,0,53,5,60,45,174,6,1,53,50,35,9,0,low,234,56,170796.32
36,36,100,66,81,funny,3,cloudy,22,101,0,67,3,28,52,4491,3,0,78,39,27,8,0,low,233,64,347491.97
846,846,104,44,90,emotional,4,cloudy,12,91,1,85,5,28,17,9502,6,1,45,47,32,9,0,medium,248,58,163675.59
672,672,99,52,76,funny,1,rainy,15,99,0,74,4,34,34,9028,4,1,88,64,28,6,1,low,237,27,432534.4
793,793,102,60,47,funny,3,rainy,27,105,1,75,5,49,17,6685,4,1,92,54,31,3,1,high,223,62,469475.26
158,158,103,35,63,emotional,2,rainy,17,104,0,82,7,8,59,1138,7,0,63,55,31,9,0,high,242,24,215135.04
758,758,102,51,80,serious,4,rainy,15,98,1,59,4,42,41,5999,7,1,40,58,33,9,1,high,257,23,115915.44
478,478,103,28,74,funny,3,rainy,25,95,0,90,5,41,36,4056,5,0,62,47,33,4,0,medium,247,62,222013.6
522,522,98,55,88,funny,3,cloudy,23,102,0,75,4,22,31,2325,5,1,65,51,32,10,1,low,214,34,268744.42
599,599,100,43,81,emotional,2,sunny,16,96,1,68,4,57,12,1137,3,1,71,59,20,2,1,low,242,27,310040.63
385,385,99,35,83,funny,3,sunny,12,98,1,73,6,33,44,5355,5,0,73,38,36,15,1,low,232,51,293185.36
996,996,98,43,72,serious,2,sunny,11,94,1,72,5,36,42,6220,6,1,71,48,32,15,0,low,245,35,283403.23
432,432,101,49,71,funny,2,sunny,19,101,0,63,3,59,61,3993,3,1,90,49,37,1,0,low,233,60,411617.6
648,648,101,55,90,serious,2,rainy,20,93,0,67,7,47,23,8274,4,1,92,40,30,8,0,medium,249,63,481265.11
671,671,98,55,85,funny,5,cloudy,29,99,1,43,5,69,30,5749,6,1,61,46,35,5,0,high,245,38,229106.24
177,177,96,60,69,serious,5,sunny,24,103,1,70,3,60,19,7186,6,1,63,42,28,3,0,low,252,35,249082.82
539,539,97,53,88,funny,4,sunny,16,97,0,63,6,53,30,2432,6,0,73,45,42,9,0,low,254,78,305286.97
272,272,98,47,85,funny,1,rainy,23,99,1,53,5,44,32,5096,4,1,53,47,32,6,1,medium,249,51,184537.37
622,622,102,58,77,funny,4,sunny,11,107,0,76,4,26,21,5779,5,1,57,58,28,10,1,low,244,57,224806.97
963,963,94,55,72,funny,4,cloudy,17,99,1,94,5,53,34,4428,4,1,47,54,45,9,0,low,223,42,143474.26
800,800,96,42,67,funny,5,sunny,13,95,1,89,3,66,21,501,4,1,51,46,29,9,0,medium,212,47,176906.41
668,668,99,49,63,funny,5,cloudy,12,99,1,91,5,65,40,2935,4,1,66,52,33,4,1,low,246,23,243912.92
105,105,94,40,88,emotional,2,cloudy,28,98,0,78,4,56,18,7357,4,1,36,49,29,7,0,low,229,26,120887.37
364,364,101,61,73,funny,5,rainy,20,96,0,58,5,55,16,3936,5,1,76,56,28,5,1,medium,237,39,343554.55
771,771,100,54,76,funny,4,sunny,29,86,1,59,5,56,40,9140,5,1,85,49,27,5,1,medium,232,64,400128.97
757,757,97,43,62,funny,4,cloudy,18,100,0,83,5,36,26,5024,6,1,28,59,32,6,1,low,219,60,81325.68
188,188,99,51,83,funny,1,sunny,21,103,1,74,5,25,2,9487,5,1,56,59,27,6,1,low,222,53,231289.21
507,507,97,60,66,serious,2,rainy,29,86,1,73,6,81,34,4047,5,1,76,54,34,15,1,medium,266,60,320741.91
75,75,102,40,66,serious,3,rainy,12,105,0,71,3,56,0,2740,4,1,55,59,38,4,0,low,228,25,213613.25
19,19,97,59,67,funny,4,sunny,18,113,1,87,4,71,41,6304,4,1,76,50,39,8,1,low,237,21,310898.89
937,937,99,51,66,funny,4,rainy,21,108,1,77,8,29,35,1745,6,1,62,52,30,2,0,low,237,32,232833.54
431,431,98,53,73,emotional,3,cloudy,12,91,1,73,3,57,41,8132,5,1,73,46,32,9,0,medium,245,77,296878.93
124,124,101,54,72,funny,4,sunny,11,90,1,89,6,41,42,994,6,1,95,37,43,20,0,low,230,24,472075.81
466,466,97,60,88,serious,5,sunny,11,91,1,82,6,38,38,2499,5,1,84,37,39,4,0,low,226,61,394742.26
537,537,98,55,70,funny,2,rainy,23,106,0,99,5,62,32,5449,5,0,60,65,33,2,0,low,247,42,220059.8
734,734,101,47,87,serious,3,sunny,11,107,1,72,6,46,26,812,6,1,66,45,26,3,0,medium,219,77,274006.94
38,38,103,55,65,emotional,1,sunny,11,114,1,96,5,40,25,3240,4,0,60,43,33,9,1,low,249,69,225667.22
62,62,105,58,83,serious,4,rainy,10,105,0,58,4,53,44,9327,4,1,38,39,34,9,0,medium,261,44,114543.31
723,723,97,51,89,funny,2,sunny,24,98,1,99,5,59,49,8116,5,1,60,54,26,3,0,low,270,31,218364.88
193,193,101,72,67,serious,1,cloudy,12,88,0,70,6,45,17,2298,7,1,59,54,27,3,1,medium,249,75,238579.64
716,716,100,64,90,funny,4,sunny,26,101,1,81,5,62,10,1369,6,1,48,33,38,6,1,low,255,25,180211.72
776,776,100,53,87,funny,1,sunny,23,97,1,84,4,44,30,4552,5,1,48,41,39,2,0,medium,251,63,162552.38
711,711,103,51,79,serious,1,rainy,28,95,0,69,6,63,33,108,3,1,72,65,35,6,0,low,233,74,301113.43
575,575,102,45,60,emotional,4,cloudy,28,102,1,89,5,11,35,1534,7,0,70,70,31,4,0,high,244,28,280280.51
839,839,96,52,67,funny,4,cloudy,14,96,0,64,6,54,56,1399,6,1,57,52,36,9,0,low,229,53,175532.45
609,609,99,66,71,funny,1,sunny,29,104,0,65,3,69,52,3802,5,0,84,62,37,1,1,low,253,29,370435.69
400,400,98,49,81,emotional,4,sunny,16,91,1,72,5,56,38,2684,4,1,57,63,40,9,1,low,231,24,193689.51
560,560,96,72,71,funny,4,sunny,20,109,0,92,6,53,42,9080,4,1,83,44,34,5,0,medium,218,39,379606.32
906,906,96,50,94,funny,2,cloudy,13,101,1,57,5,23,30,1530,4,1,84,55,37,12,1,low,250,62,401698.86
564,564,100,41,72,funny,2,sunny,26,98,0,60,5,30,20,739,5,1,43,68,40,5,0,medium,248,43,139107.86
722,722,100,56,60,funny,2,rainy,15,101,1,85,5,46,45,382,4,0,45,42,34,10,1,low,252,75,128850.36
298,298,98,38,65,funny,5,cloudy,17,104,0,88,4,46,9,3821,5,1,57,41,30,11,0,low,198,42,217840.56
718,718,104,50,67,funny,3,sunny,29,99,1,61,4,55,27,7647,5,1,82,43,35,3,0,medium,234,50,376245.88
601,601,100,44,64,funny,1,sunny,26,96,1,59,6,36,36,7874,4,1,62,63,36,9,0,high,211,23,226541.72
201,201,101,35,72,funny,1,sunny,29,106,1,60,6,48,10,9309,6,1,71,60,28,9,1,medium,265,65,303801.77
104,104,99,54,78,funny,5,sunny,17,86,1,93,5,38,35,1929,5,1,66,50,29,1,1,medium,226,69,265570.0
638,638,105,37,78,serious,1,rainy,21,103,0,72,6,32,41,9558,4,1,114,41,33,9,1,low,244,72,677770.38
243,243,104,66,80,funny,1,cloudy,17,98,0,77,4,35,43,7393,5,0,70,58,40,6,1,low,240,21,281952.17
580,580,95,54,75,funny,4,rainy,14,89,0,69,6,52,26,7860,5,1,70,52,34,15,1,medium,267,29,285065.26
110,110,102,48,77,funny,3,sunny,29,102,0,59,5,62,45,8247,4,0,92,61,32,11,1,medium,223,48,452650.39
927,927,99,44,75,funny,2,rainy,18,96,1,70,4,76,27,7327,5,1,91,55,35,7,0,low,236,33,447788.88
294,294,101,54,79,emotional,5,sunny,24,94,1,66,4,61,18,5273,4,1,61,48,36,8,1,high,247,31,240919.25
741,741,100,48,84,funny,4,rainy,26,92,1,83,6,38,41,6906,4,0,56,49,30,11,0,low,232,55,197979.42
511,511,101,56,95,serious,2,rainy,12,101,0,75,6,57,28,5922,6,1,85,52,34,6,1,low,263,31,409856.71
373,373,97,42,68,emotional,1,sunny,22,100,0,75,3,61,34,7015,5,1,67,61,30,20,1,medium,249,52,256167.31
309,309,103,45,88,funny,5,cloudy,18,101,1,77,4,71,37,5895,5,1,56,52,31,1,0,low,232,77,200409.51
797,797,98,49,80,funny,1,rainy,23,108,0,78,8,54,19,3795,4,0,60,48,35,1,0,low,236,55,232866.34
939,939,99,56,73,funny,4,rainy,24,103,1,91,6,57,36,1590,5,0,40,51,32,9,1,low,255,47,120772.45
292,292,99,44,82,emotional,5,rainy,11,101,0,71,6,25,23,8688,6,1,66,47,34,5,1,low,240,30,268610.45
893,893,103,47,89,emotional,2,cloudy,10,99,0,56,6,76,13,6447,5,1,89,53,33,3,1,low,236,60,450704.19
472,472,94,47,69,funny,4,sunny,12,95,0,85,6,72,34,861,5,0,77,51,32,6,0,low,245,58,325085.82
517,517,103,56,82,emotional,5,rainy,19,110,1,83,5,44,33,7755,5,1,85,47,25,3,0,low,225,71,415093.73
546,546,98,54,78,funny,1,rainy,14,94,1,73,5,39,32,5428,4,1,67,55,40,9,1,medium,234,33,266064.3
316,316,98,52,61,funny,1,sunny,11,103,0,65,3,30,43,5508,6,0,83,61,34,6,1,low,264,59,367984.16
81,81,99,60,78,emotional,3,sunny,24,111,1,63,4,34,29,2462,6,1,81,54,27,4,0,low,216,57,382566.59
358,358,100,55,79,emotional,4,rainy,23,92,0,66,7,42,36,7378,4,0,81,49,30,9,1,low,227,41,371975.53
706,706,99,52,73,funny,2,sunny,24,105,1,98,6,70,49,5970,5,1,65,67,33,12,1,medium,231,67,235724.97
381,381,97,46,68,emotional,2,sunny,21,85,1,94,4,34,36,8425,4,1,62,57,29,4,1,low,242,73,232156.66
594,594,102,49,87,funny,4,sunny,28,95,1,71,5,92,26,109,7,1,50,41,32,8,0,low,264,27,170436.0
146,146,100,54,57,emotional,3,sunny,28,95,0,68,4,31,6,2523,4,1,54,42,36,9,1,medium,251,64,204787.67
45,45,101,39,75,emotional,5,sunny,19,102,0,52,6,47,19,4115,5,1,83,47,30,15,1,low,240,33,392159.94
380,380,98,48,78,funny,2,sunny,15,107,1,61,3,42,55,3334,6,1,51,48,31,15,0,high,242,31,156735.03
322,322,97,48,78,serious,4,cloudy,28,91,1,75,4,48,44,4075,5,1,89,59,27,10,1,low,228,20,432468.6
131,131,99,35,89,serious,1,rainy,21,93,0,77,6,53,32,9563,5,0,64,46,37,9,0,low,257,20,241957.82
391,391,103,57,82,funny,5,sunny,27,104,0,73,4,45,34,331,5,0,81,55,28,8,1,medium,253,72,377086.18
183,183,101,42,79,funny,5,cloudy,28,100,1,77,4,44,22,5932,4,1,78,56,31,12,0,low,261,25,351593.44
524,524,95,45,83,funny,1,sunny,19,111,1,71,7,49,43,2172,3,0,62,50,35,20,0,medium,268,31,219395.07
965,965,94,39,58,funny,2,sunny,21,102,0,56,4,47,37,8689,6,1,42,35,36,11,1,low,226,19,114478.24
687,687,96,47,70,funny,2,cloudy,15,102,1,61,6,40,27,8533,5,1,119,47,35,9,1,low,249,39,740551.94
485,485,104,53,71,emotional,3,sunny,16,109,1,63,6,46,18,4,6,1,68,43,32,15,1,low,235,27,284642.39
549,549,103,53,72,funny,2,rainy,17,94,0,82,5,67,18,8342,6,1,55,39,40,2,1,low,235,32,198563.13
225,225,97,48,77,emotional,3,sunny,29,104,1,85,5,65,32,9227,6,1,71,39,35,2,1,low,273,75,282254.7
728,728,99,48,70,emotional,2,rainy,22,106,1,66,6,72,33,8637,5,1,78,54,27,6,0,low,256,75,337373.18
929,929,109,45,68,funny,2,cloudy,14,102,0,46,5,27,40,4293,4,1,76,47,28,12,0,low,276,40,326114.32
849,849,95,48,79,emotional,5,sunny,26,105,1,69,6,46,32,4994,7,1,95,55,27,2,1,low,225,70,492391.02
368,368,100,45,71,funny,5,rainy,26,104,1,70,4,38,43,6715,6,1,81,56,38,4,1,low,246,75,350484.9
587,587,100,50,85,serious,2,sunny,22,96,1,70,4,40,27,3277,5,1,87,48,32,9,1,low,256,39,425974.63
960,960,96,46,84,funny,5,cloudy,25,101,1,96,6,47,10,4269,6,1,85,37,31,5,0,low,261,41,414181.18
77,77,97,47,57,emotional,1,sunny,21,114,1,89,5,53,20,347,5,1,66,52,26,3,1,medium,233,66,260038.38
189,189,98,46,74,funny,4,cloudy,17,98,1,75,4,44,31,872,6,1,102,55,31,9,0,low,241,77,557858.02
498,498,101,55,51,emotional,3,cloudy,10,93,1,77,5,57,36,2395,5,1,94,46,23,11,1,low,233,40,473975.13
678,678,98,66,83,serious,3,sunny,24,94,0,91,4,45,22,1192,5,1,73,42,33,4,0,medium,260,26,322043.12
450,450,99,54,68,emotional,5,sunny,16,99,1,50,5,31,34,2851,5,1,80,38,32,7,1,low,209,34,360566.57
275,275,97,69,68,emotional,2,rainy,24,87,1,70,5,60,48,4969,5,1,63,46,30,4,0,medium,266,59,230213.84
470,470,97,39,86,funny,4,rainy,18,98,0,89,4,40,38,1234,4,1,86,52,35,15,0,medium,243,46,402719.87
941,941,98,43,73,funny,5,cloudy,15,99,1,102,5,56,22,7201,5,0,74,43,29,11,1,medium,241,32,317412.66
614,614,99,54,74,emotional,4,rainy,22,112,1,81,7,76,34,7960,4,1,65,54,30,1,0,low,245,57,250547.42
277,277,96,54,80,emotional,3,cloudy,29,91,0,70,5,30,23,9969,4,0,71,68,35,3,1,low,241,43,302629.48
5,5,102,45,79,funny,4,sunny,16,103,1,80,6,59,31,1343,4,1,67,47,29,7,1,medium,252,23,268686.96
415,415,99,57,59,funny,3,cloudy,14,94,0,67,4,47,32,8303,3,1,96,43,32,11,1,medium,270,35,489415.78
544,544,100,60,86,emotional,3,sunny,24,93,0,64,4,54,64,2577,7,1,91,37,32,12,0,high,227,48,436173.4
952,952,103,47,83,funny,2,sunny,14,103,0,53,4,39,52,1648,6,1,63,52,33,9,1,low,267,72,225923.39
803,803,97,58,66,emotional,2,rainy,15,102,0,77,6,38,39,6530,5,1,75,51,33,9,0,high,233,51,315141.62
967,967,99,58,65,serious,2,cloudy,15,97,0,92,7,67,11,2448,5,1,83,37,38,4,0,low,254,39,396191.29
324,324,98,50,94,emotional,3,sunny,24,96,0,78,6,51,19,7242,6,1,66,47,36,20,0,high,259,38,272962.4
652,652,95,47,64,serious,1,cloudy,15,106,1,69,7,58,22,4069,5,0,88,64,33,9,0,high,262,77,422543.17
190,190,100,36,85,emotional,4,cloudy,21,101,1,61,5,44,11,290,4,1,77,41,33,12,1,high,233,59,352164.72
767,767,101,46,100,funny,2,cloudy,11,105,0,74,4,66,27,3997,6,1,69,44,40,4,0,medium,253,27,282195.02
531,531,99,45,82,funny,4,rainy,20,110,1,64,5,73,24,5364,6,0,71,57,35,9,0,medium,240,60,292092.52
979,979,101,48,94,funny,3,rainy,14,98,0,54,3,58,54,2207,6,1,70,47,33,1,1,low,233,64,273277.79
479,479,100,48,80,funny,4,sunny,11,97,1,52,5,43,20,5297,6,1,50,55,35,1,1,low,213,60,181275.38
179,179,101,57,74,emotional,1,sunny,18,94,1,51,6,54,10,1804,4,1,86,52,33,1,0,medium,224,22,433673.17
139,139,98,47,74,emotional,2,sunny,22,91,1,93,4,73,32,7917,3,1,70,56,31,9,1,low,241,19,278027.83
773,773,102,56,67,funny,1,sunny,11,110,1,52,5,68,29,1626,6,1,74,49,35,20,1,medium,243,66,312423.18
86,86,97,50,69,emotional,5,rainy,24,92,0,50,4,89,24,1313,4,0,87,58,31,5,0,low,238,22,414030.78
26,26,99,57,90,emotional,3,cloudy,24,100,1,76,4,29,15,7954,5,1,84,41,32,20,0,medium,242,75,416146.62
448,448,102,51,82,funny,5,sunny,23,100,1,69,6,46,41,8502,4,1,32,60,30,8,0,low,240,35,95465.44
576,576,98,58,74,serious,2,rainy,11,108,0,82,5,33,38,3178,4,0,68,71,39,2,0,medium,241,44,268111.15
841,841,98,63,89,emotional,5,sunny,25,104,1,35,6,51,18,5261,4,1,79,52,39,11,1,low,233,21,367836.54
888,888,98,57,84,funny,3,cloudy,24,93,1,73,5,53,31,8111,6,1,53,49,27,6,1,low,254,29,194795.97
733,733,98,43,77,funny,3,rainy,27,99,0,66,4,78,20,7163,6,1,45,37,33,7,0,medium,215,70,149314.13
440,440,100,53,88,funny,4,rainy,10,108,1,57,5,58,39,3434,3,1,73,49,30,15,0,low,251,59,308466.53
686,686,98,54,79,serious,2,sunny,20,95,1,50,5,84,30,4617,7,1,77,57,36,5,0,medium,210,71,335939.13
137,137,98,52,75,serious,3,rainy,29,91,1,79,4,17,41,431,5,1,87,64,34,2,0,low,212,53,415682.08
897,897,99,51,66,funny,2,cloudy,15,102,0,45,4,34,25,5042,7,1,39,48,35,1,1,low,235,51,125678.35
300,300,100,56,60,funny,2,cloudy,23,100,1,69,4,67,24,6704,4,1,59,68,30,9,1,low,249,59,215175.88
244,244,102,41,90,funny,1,sunny,24,117,1,71,3,61,36,7779,5,0,73,35,39,12,1,low,259,38,297906.98
254,254,103,40,83,funny,1,sunny,12,102,1,61,3,39,23,1329,5,1,76,46,35,2,1,high,256,30,336574.66
646,646,101,41,71,funny,2,cloudy,16,103,0,76,3,36,49,9197,6,1,56,56,30,9,1,medium,218,64,185978.13
499,499,105,40,72,funny,4,cloudy,28,113,0,67,4,41,41,2161,5,1,85,46,28,2,1,medium,203,77,398660.67
384,384,100,60,72,funny,1,rainy,22,94,1,78,5,44,18,7215,5,1,64,51,33,6,0,low,220,32,265778.24
610,610,102,46,73,funny,5,sunny,24,102,0,51,4,75,19,9988,3,0,100,60,33,11,1,medium,205,65,545151.76
918,918,99,55,74,emotional,3,cloudy,29,93,1,110,5,40,35,4444,6,0,81,44,34,3,1,medium,270,50,361673.27
730,730,94,60,67,emotional,2,sunny,14,95,0,85,4,63,50,3794,3,1,61,46,37,11,1,low,232,29,207088.62
607,607,102,57,83,funny,5,cloudy,15,104,1,56,4,41,17,1894,4,1,62,47,33,15,1,low,232,23,253721.82
54,54,100,49,81,emotional,5,cloudy,26,97,1,71,4,56,24,1151,6,1,61,46,26,2,0,medium,219,31,240001.21
284,284,99,43,65,funny,5,sunny,26,109,0,81,6,58,17,9895,6,1,28,42,35,6,0,low,244,63,85868.22
742,742,99,68,90,emotional,4,sunny,23,102,0,68,6,48,6,4727,4,1,87,57,44,4,1,low,266,78,448521.23
270,270,102,66,76,emotional,2,sunny,12,84,1,68,7,46,10,4044,5,1,83,55,35,15,0,medium,229,65,409251.19
936,936,97,48,80,funny,3,rainy,17,102,1,72,6,53,34,9812,4,1,76,50,43,8,1,low,213,71,318611.29
689,689,101,51,71,funny,5,rainy,16,111,0,107,5,50,30,2559,5,1,57,50,36,9,0,medium,246,69,203343.27
859,859,104,43,76,emotional,2,rainy,21,87,1,98,6,57,51,7748,5,1,93,42,36,9,1,low,229,76,446691.32
90,90,95,67,72,funny,4,cloudy,11,98,1,71,4,52,44,5944,3,0,44,54,31,12,1,medium,251,61,133556.21
2,2,99,47,83,emotional,1,cloudy,10,106,1,73,5,37,52,1527,5,1,69,52,36,9,0,low,240,74,259484.6
24,24,100,43,73,emotional,3,cloudy,27,96,0,58,6,68,31,9637,4,1,93,63,41,20,1,high,220,61,457202.69
784,784,100,48,76,funny,2,rainy,11,102,0,70,4,59,34,8345,4,1,87,36,32,6,1,low,251,32,412150.72
16,16,99,55,75,emotional,4,cloudy,10,95,0,92,5,27,17,8991,6,1,64,58,37,6,1,medium,246,67,258490.34
375,375,102,49,84,funny,2,cloudy,12,97,1,62,5,46,17,1968,5,1,76,41,33,4,1,low,233,20,348551.33
780,780,97,47,86,serious,5,sunny,20,100,1,61,4,41,32,3157,4,1,82,43,31,15,0,low,241,26,383201.66
291,291,96,49,64,emotional,4,rainy,26,100,1,92,5,55,41,2603,5,1,111,45,33,8,1,medium,237,39,633041.82
130,130,97,47,49,funny,3,sunny,17,102,1,72,4,59,27,2289,4,1,81,40,40,11,0,low,262,42,347367.18
56,56,100,43,87,funny,1,cloudy,14,102,0,80,4,36,30,9559,5,1,46,57,34,4,0,low,253,38,151760.86
151,151,95,35,71,emotional,1,cloudy,25,117,0,70,4,36,21,9577,5,0,99,62,30,7,1,low,245,48,531257.33
909,909,101,40,82,funny,1,sunny,23,94,1,53,5,72,35,2840,5,1,51,61,29,1,0,high,261,21,166965.92
512,512,101,51,69,funny,3,rainy,15,96,0,72,6,45,27,9095,4,1,86,59,36,3,0,low,266,25,405544.45
747,747,101,52,82,funny,5,rainy,18,107,0,58,4,43,43,6459,4,1,92,55,27,8,0,low,254,42,460628.34
140,140,100,56,83,funny,5,rainy,15,99,0,65,4,54,29,7920,5,1,57,51,35,15,0,high,222,77,209937.99
212,212,101,54,72,funny,2,cloudy,15,99,1,72,6,60,27,4171,5,1,72,54,35,3,1,high,244,74,301626.31
595,595,101,59,74,funny,4,cloudy,16,105,1,71,5,36,26,6149,7,1,101,55,36,20,1,low,241,48,555999.14
427,427,98,56,80,funny,2,sunny,15,93,1,86,4,19,14,332,4,1,86,54,34,7,1,low,240,57,432434.0
242,242,101,57,64,emotional,2,cloudy,21,98,1,95,5,53,37,1253,4,1,77,45,37,4,0,high,239,44,326404.18
777,777,100,55,70,funny,1,rainy,22,95,0,69,6,39,27,5202,6,1,69,35,28,3,1,medium,218,48,286671.37
974,974,94,61,69,funny,5,rainy,25,105,0,65,5,37,66,7228,4,1,93,53,32,7,0,high,255,18,442451.01
885,885,94,46,77,funny,5,rainy,19,101,1,80,5,31,25,850,4,1,71,43,25,15,0,high,254,71,301593.73
870,870,98,50,68,funny,1,sunny,14,99,1,71,6,41,7,9102,7,1,81,50,32,15,1,low,236,53,385417.42
379,379,98,61,92,funny,5,rainy,22,109,0,77,6,68,24,5037,6,1,78,64,34,1,1,medium,223,29,361094.82
692,692,100,32,85,emotional,1,rainy,17,95,1,68,5,30,53,7020,3,1,69,47,27,5,1,medium,234,43,268399.88
808,808,95,45,77,funny,1,sunny,12,98,1,90,6,62,34,5339,7,0,59,54,38,3,0,low,237,22,204838.43
526,526,104,48,78,funny,5,cloudy,26,104,1,88,4,59,17,696,4,0,92,32,31,20,0,low,271,22,469693.28
642,642,99,56,70,funny,4,sunny,16,105,0,73,5,57,26,8258,4,1,89,63,29,4,1,low,248,77,437169.4
880,880,97,44,57,funny,5,rainy,23,91,0,57,4,38,44,3141,5,0,78,44,36,15,1,low,250,49,320396.32
644,644,98,49,79,funny,2,rainy,21,87,0,99,4,33,34,5869,6,1,43,38,36,12,0,medium,228,63,134547.4
9,9,99,45,99,funny,5,cloudy,28,100,1,82,4,16,31,8506,5,1,67,54,32,1,1,medium,271,53,277073.16
645,645,103,61,78,emotional,1,sunny,25,112,1,73,5,31,14,8502,6,0,83,50,32,15,1,medium,223,64,409348.84
825,825,102,51,98,funny,5,cloudy,24,97,1,79,6,12,54,1308,7,0,78,46,33,2,1,low,233,68,340975.95
778,778,96,62,69,serious,1,cloudy,16,97,1,87,6,12,45,7668,5,1,57,58,30,4,1,low,228,41,204317.96
351,351,99,60,79,funny,3,rainy,16,86,0,73,4,16,36,9722,4,1,63,53,28,7,0,medium,246,23,251855.02
926,926,98,50,53,emotional,1,cloudy,26,94,1,64,6,58,33,2791,5,0,78,52,33,20,0,medium,240,27,332971.44
220,220,99,46,74,funny,5,cloudy,25,103,1,64,6,82,18,9589,5,1,63,63,25,10,0,low,246,57,246975.34
670,670,102,65,79,emotional,2,sunny,17,92,1,71,6,56,54,4899,5,1,43,52,36,15,0,medium,232,27,121587.22
725,725,101,47,76,emotional,1,cloudy,27,92,1,87,6,42,32,4336,4,1,54,44,36,2,0,low,219,71,187753.07
554,554,92,50,84,emotional,3,sunny,14,107,0,89,4,40,37,8744,2,1,56,50,28,2,1,low,270,27,200436.65
685,685,97,39,72,funny,3,cloudy,16,98,1,69,4,58,18,1250,5,1,78,41,30,15,1,low,242,20,347514.83
331,331,97,46,76,funny,2,cloudy,27,103,1,69,6,34,41,656,4,1,80,49,32,9,0,medium,223,74,354942.17
791,791,99,58,72,funny,1,sunny,27,98,1,81,5,53,33,1616,5,1,66,48,37,8,0,low,232,59,257185.05
695,695,99,40,80,serious,2,sunny,23,101,0,70,6,63,31,2410,5,1,47,50,31,20,0,medium,219,53,154277.85
878,878,101,52,99,funny,5,sunny,19,98,1,74,3,52,33,3333,6,1,64,48,31,4,0,low,247,30,254762.85
360,360,100,59,84,funny,4,cloudy,11,101,1,95,5,75,41,3329,4,1,44,54,35,5,0,low,237,57,135486.84
347,347,95,61,85,funny,3,sunny,22,112,1,114,5,69,25,7187,5,0,72,46,34,8,1,low,249,77,308531.54
915,915,98,41,78,funny,3,rainy,14,93,1,99,6,47,28,4981,5,1,38,55,37,11,1,low,258,43,112854.95
998,998,97,41,76,funny,2,cloudy,25,96,1,93,4,39,32,9854,4,1,86,39,28,11,0,low,237,31,412282.43
397,397,99,55,72,emotional,2,cloudy,27,92,1,66,5,34,24,5060,5,0,94,43,40,1,0,medium,236,70,480541.73
474,474,100,42,59,funny,1,sunny,16,110,0,79,5,49,43,5073,5,1,82,36,26,7,0,medium,238,66,361965.02
942,942,99,47,62,funny,5,cloudy,25,97,0,93,6,37,26,1816,5,0,44,50,38,4,0,low,236,45,135562.63
567,567,101,41,76,emotional,4,cloudy,12,96,1,72,5,35,34,1986,5,1,80,41,29,4,1,low,257,20,357811.85
634,634,103,45,87,serious,2,sunny,18,107,1,71,5,35,41,3097,6,1,63,46,33,3,1,medium,223,73,243257.38
666,666,97,51,78,funny,2,rainy,19,89,1,95,4,62,50,2056,5,1,51,53,35,4,0,low,269,35,151998.76
117,117,98,36,78,funny,5,cloudy,25,112,0,62,5,52,5,673,5,1,63,46,38,3,0,high,267,77,252978.65
94,94,98,48,80,emotional,3,cloudy,29,98,1,93,5,68,37,5135,5,1,87,63,29,8,0,low,236,55,414472.68
308,308,97,51,69,funny,2,sunny,23,95,0,70,5,45,25,3697,5,1,47,44,34,3,0,low,229,67,156131.5
921,921,96,38,83,emotional,5,cloudy,27,111,0,61,5,63,41,2272,4,1,60,51,37,2,0,medium,237,62,203240.14
809,809,98,57,77,emotional,3,rainy,12,73,1,79,5,40,33,1730,5,1,43,56,34,1,0,low,247,25,138108.04
414,414,102,39,65,emotional,2,sunny,27,95,0,93,5,46,31,9400,6,1,99,47,31,1,1,low,240,75,521709.04
997,997,99,55,81,funny,5,sunny,14,105,1,66,5,39,23,6423,3,1,74,46,31,1,1,low,214,47,332578.07
911,911,99,42,74,serious,3,cloudy,23,104,0,92,3,60,32,2531,5,1,89,48,33,6,1,low,217,35,432184.9
945,945,99,35,70,funny,3,rainy,19,110,1,84,5,51,40,4455,4,0,76,62,28,15,0,high,235,52,320583.9
74,74,100,49,59,serious,2,sunny,12,101,0,93,5,46,56,6398,5,0,55,40,33,7,0,high,228,35,167697.81
221,221,99,45,64,funny,3,sunny,19,95,0,76,6,34,29,927,4,1,86,45,27,2,0,low,229,28,412714.47
21,21,97,54,71,funny,1,cloudy,20,91,1,97,6,83,39,1008,6,1,84,42,33,2,1,low,233,44,380568.73
782,782,102,52,79,funny,1,cloudy,13,96,1,78,6,57,18,9068,4,1,70,50,35,1,0,low,263,30,295892.53
314,314,98,47,76,funny,3,rainy,29,88,0,63,5,24,31,4369,5,1,97,45,33,1,1,medium,250,41,508723.16
357,357,101,56,69,funny,5,sunny,12,106,1,81,5,55,12,9412,5,1,74,56,35,6,0,low,241,54,326792.66
492,492,99,45,85,funny,5,rainy,29,95,0,73,6,37,47,2218,6,1,44,58,30,5,1,low,248,33,132985.5
786,786,95,48,66,funny,3,rainy,18,97,1,80,3,72,25,9788,4,1,57,44,37,5,0,medium,247,57,197545.4
315,315,102,56,74,serious,5,sunny,11,103,1,69,5,82,26,5668,5,1,69,47,28,11,1,high,254,77,282032.34
127,127,102,55,52,funny,2,rainy,17,116,1,85,5,53,47,4092,6,1,62,50,32,7,1,low,238,61,216028.08
163,163,101,61,75,funny,5,cloudy,27,96,1,54,6,35,18,9176,6,1,79,50,31,9,0,medium,238,23,372010.55
551,551,97,42,70,funny,2,cloudy,12,102,1,80,4,51,33,5784,6,1,97,32,31,7,0,low,251,35,499330.31
155,155,96,49,77,funny,2,cloudy,15,107,1,70,5,50,49,4706,5,1,67,50,36,20,0,low,242,58,248437.01
925,925,100,44,51,funny,3,rainy,15,102,1,76,6,50,38,5976,6,1,85,45,27,2,1,high,242,68,386581.32
519,519,96,45,58,emotional,1,cloudy,21,106,0,90,4,43,33,3614,4,0,67,50,25,8,1,low,248,30,259783.08
520,520,100,49,59,funny,2,cloudy,25,105,0,84,6,42,26,6681,6,1,89,55,39,10,0,low,232,32,431220.23
932,932,101,56,81,funny,3,rainy,17,102,1,62,5,55,30,5252,5,1,78,53,36,1,0,low,230,29,349879.78
416,416,97,46,65,emotional,2,cloudy,17,103,1,96,5,64,20,378,5,1,75,56,38,6,0,medium,245,55,318322.64
910,910,101,53,64,funny,3,cloudy,22,100,0,74,6,71,24,4680,5,1,65,52,31,11,0,low,220,26,254674.96
203,203,96,69,50,funny,3,cloudy,26,97,1,95,7,42,21,2944,3,1,46,50,35,9,0,low,263,30,150897.08
861,861,94,56,80,funny,1,sunny,12,104,1,82,6,43,46,8083,4,1,75,33,38,1,1,medium,270,62,304818.29
174,174,100,56,67,emotional,5,cloudy,22,104,1,70,5,61,12,772,3,1,43,44,33,7,0,low,240,41,150596.23
649,649,97,52,68,emotional,1,rainy,27,97,0,47,5,50,43,2014,5,0,54,37,29,2,0,medium,245,43,180215.16
830,830,103,55,67,funny,4,cloudy,16,106,1,47,5,38,25,7101,3,1,79,50,33,11,1,low,259,37,357444.38
585,585,100,56,78,serious,5,rainy,22,107,0,84,5,25,30,945,5,0,68,39,30,15,1,low,260,29,280276.14
755,755,102,52,80,funny,4,sunny,26,99,0,86,5,77,27,7012,5,0,89,52,27,20,0,medium,254,18,440945.02
553,553,102,50,74,funny,3,rainy,18,101,1,91,6,52,24,5886,6,1,85,52,30,1,1,medium,257,57,408379.58
489,489,99,39,81,funny,2,sunny,20,103,1,70,4,62,53,3718,6,1,66,52,29,9,0,high,229,19,244033.2
71,71,100,49,69,funny,5,sunny,20,106,1,82,4,35,11,5410,4,0,51,59,27,5,1,low,236,67,190651.19
235,235,94,47,73,emotional,1,cloudy,25,92,1,69,5,65,20,1350,3,1,70,64,30,20,0,low,228,37,289294.67
80,80,100,59,77,funny,4,sunny,25,94,0,75,6,52,30,9364,4,0,74,36,26,15,0,high,257,50,324112.24
704,704,103,58,75,funny,4,rainy,15,113,1,71,5,62,37,7945,6,0,69,52,37,1,1,low,241,43,271335.31
85,85,105,53,68,funny,1,sunny,18,98,1,82,4,65,26,7466,4,0,71,48,29,15,1,low,262,56,298047.63
529,529,97,66,90,emotional,1,sunny,26,109,1,42,4,49,39,4916,5,0,49,44,30,12,0,low,236,75,172921.94
229,229,95,59,81,funny,2,rainy,24,95,0,76,5,36,32,461,5,0,83,44,27,12,1,low,241,61,395063.52
329,329,99,43,77,funny,4,sunny,13,102,1,69,5,57,8,8366,5,1,101,38,32,12,1,medium,223,48,564798.9
109,109,102,52,77,funny,3,rainy,28,110,0,85,6,61,13,640,5,0,90,62,35,1,1,high,254,69,457240.9
89,89,97,39,74,emotional,4,cloudy,10,101,1,86,5,46,38,1626,6,1,78,54,36,9,0,high,211,39,330138.14
252,252,99,63,76,funny,5,cloudy,16,102,1,75,5,34,28,5882,5,1,73,55,31,9,1,low,221,26,320337.92
745,745,94,53,65,emotional,1,sunny,16,100,0,77,4,38,20,6843,5,1,74,50,36,15,0,low,242,24,320057.06
613,613,99,53,76,emotional,1,cloudy,17,93,1,66,6,53,30,2093,4,0,73,53,37,10,1,low,257,50,305349.06
665,665,100,40,75,emotional,2,cloudy,24,105,1,75,4,52,12,6273,5,1,105,56,23,11,0,medium,238,54,601895.97
816,816,96,51,77,emotional,5,rainy,12,111,1,61,3,41,35,2980,5,0,93,43,31,6,0,low,234,23,466037.87
68,68,96,73,73,funny,5,rainy,26,102,1,57,4,61,22,7592,6,1,94,44,27,4,0,low,260,63,492039.1
674,674,101,58,79,funny,3,rainy,26,94,0,67,3,23,14,5573,4,1,50,63,29,7,1,low,251,59,191386.85
394,394,104,48,53,funny,3,sunny,29,102,0,67,4,66,38,1319,5,1,69,54,29,8,0,low,250,55,266843.4
955,955,101,46,60,funny,4,rainy,18,102,0,65,7,38,43,9210,6,1,73,57,33,20,1,high,255,62,291295.84
429,429,99,45,73,funny,1,cloudy,14,100,0,58,5,85,24,3485,6,1,69,56,34,12,1,low,245,33,275426.93
647,647,101,51,76,emotional,3,rainy,20,100,1,58,6,56,40,6735,4,1,66,45,29,8,0,low,236,48,257317.64
598,598,97,56,84,funny,3,cloudy,21,106,0,93,4,40,29,2964,6,1,64,43,31,11,1,low,245,62,257296.87
425,425,101,49,72,emotional,1,sunny,26,102,1,44,6,72,41,3340,5,1,57,61,37,2,0,low,229,55,188629.16
726,726,97,45,87,emotional,1,cloudy,12,101,1,69,5,46,26,6886,6,0,53,51,35,20,1,medium,242,57,186119.92
779,779,102,50,80,funny,4,rainy,20,95,1,74,5,34,33,1127,5,1,63,63,36,1,1,low,248,58,239714.04
836,836,99,59,71,serious,2,sunny,10,111,0,82,4,38,29,436,5,0,68,37,31,8,1,low,273,24,275812.88
724,724,101,48,59,serious,4,sunny,19,107,0,79,4,41,21,2037,3,1,56,48,32,20,0,low,249,50,202103.89
319,319,98,53,68,funny,1,rainy,21,103,0,44,6,62,34,5807,6,1,83,44,34,8,0,low,216,52,378548.81
344,344,97,48,77,funny,2,cloudy,16,107,1,63,5,55,39,2374,5,1,75,60,32,12,0,low,254,58,314630.94
574,574,95,38,86,emotional,1,rainy,24,97,1,93,5,53,32,966,5,1,40,41,30,7,0,low,224,32,125894.45
889,889,97,40,64,funny,3,cloudy,20,89,0,77,4,56,35,920,6,1,59,43,33,9,0,low,238,24,201961.57
164,164,99,52,73,funny,1,rainy,15,103,0,95,5,20,27,9179,4,1,53,52,33,5,1,medium,232,38,191515.52
349,349,99,55,58,funny,5,sunny,23,103,0,54,5,35,15,4955,5,1,77,50,31,2,0,low,247,36,346379.61
439,439,98,36,78,serious,1,rainy,21,97,1,77,5,72,27,9348,5,1,89,47,28,9,1,high,253,40,432309.81
126,126,103,40,88,emotional,1,sunny,28,92,1,98,6,91,19,1245,4,1,69,49,34,20,1,low,245,78,283383.95
624,624,99,48,59,emotional,3,sunny,13,91,0,84,5,50,37,3122,4,0,34,56,40,20,0,low,230,58,81367.23
894,894,102,57,59,funny,3,cloudy,28,99,1,85,7,36,45,7149,7,1,49,46,35,8,0,low,246,38,149219.82
843,843,98,40,80,funny,4,sunny,17,99,0,86,4,71,14,5840,6,0,83,63,33,6,0,low,242,50,392219.15
263,263,99,37,65,funny,4,sunny,15,97,1,75,3,66,6,6535,6,1,68,30,27,9,0,medium,229,74,284291.8
438,438,98,64,81,funny,3,sunny,19,97,1,78,4,64,26,6720,6,0,77,59,29,9,0,low,254,53,346633.07
447,447,100,58,70,funny,1,rainy,19,89,1,65,5,71,54,1094,5,1,79,42,37,8,1,low,231,76,324751.28
788,788,97,45,80,funny,3,cloudy,22,93,1,85,7,42,41,5485,7,1,68,60,33,6,0,high,259,19,261137.96
279,279,101,52,74,emotional,5,rainy,23,95,1,87,5,76,22,6682,4,0,88,65,35,1,1,low,212,61,432072.51
91,91,102,50,61,funny,5,rainy,12,95,0,78,5,77,42,2512,5,1,60,58,35,8,1,medium,253,36,198565.81
754,754,102,51,69,funny,3,sunny,18,101,0,77,4,28,21,1778,6,1,78,43,26,2,1,medium,216,35,361534.04
993,993,101,51,84,funny,3,sunny,20,95,0,78,5,53,19,3527,4,1,81,51,31,3,0,low,243,32,383613.76
249,249,95,51,85,funny,4,sunny,11,102,1,86,5,62,28,1581,4,1,78,62,36,2,0,low,246,63,344563.57
583,583,95,41,75,emotional,3,rainy,20,111,1,101,5,49,46,4999,4,1,75,37,34,12,0,high,234,19,302314.07
853,853,95,45,77,serious,2,cloudy,17,100,0,79,6,36,34,1323,5,1,60,45,34,1,0,high,250,47,218152.82
827,827,102,39,82,emotional,1,rainy,14,99,1,74,6,80,41,3029,5,1,57,44,35,7,0,medium,235,64,191994.32
556,556,99,42,76,emotional,4,rainy,14,97,0,93,4,48,45,6894,6,1,52,52,28,4,1,medium,266,62,165609.64
902,902,98,45,64,emotional,2,sunny,18,84,1,63,6,59,56,6486,4,1,28,40,35,9,1,medium,248,43,49989.27
28,28,97,47,89,funny,4,cloudy,22,101,1,81,4,52,29,8920,6,1,70,53,29,6,1,low,263,51,292382.41
369,369,98,44,68,serious,4,cloudy,22,104,0,80,7,27,25,7639,4,0,66,51,28,4,0,high,216,71,269649.49
135,135,98,53,58,serious,4,cloudy,25,101,1,94,5,35,57,5147,5,0,58,54,29,20,0,medium,256,21,189660.71
503,503,100,63,83,emotional,2,sunny,28,98,1,67,6,62,25,1515,5,1,57,57,35,9,1,low,222,71,216652.38
603,603,100,52,88,emotional,2,cloudy,15,106,0,84,5,54,10,8958,5,1,96,38,37,9,1,low,236,42,520937.5
799,799,97,46,79,funny,1,cloudy,29,106,1,69,6,77,32,2901,6,1,77,61,31,2,0,low,205,73,333855.6
72,72,99,55,83,funny,4,cloudy,25,96,1,69,5,44,7,9810,6,1,64,38,37,6,1,medium,260,61,267106.2
413,413,103,49,65,funny,5,rainy,15,91,1,61,5,41,26,6381,5,1,61,48,38,10,0,low,272,69,222687.42
563,563,97,35,60,funny,3,rainy,27,112,1,87,4,44,14,5222,4,1,77,49,34,9,0,low,252,43,336873.01
657,657,99,59,60,funny,5,cloudy,10,105,0,94,4,48,18,2987,5,0,60,58,37,6,1,low,248,38,226074.97
262,262,93,52,75,emotional,3,rainy,13,90,0,90,4,28,34,8458,5,1,91,45,35,9,1,low,234,47,448828.27
775,775,103,57,80,funny,2,sunny,19,116,1,74,7,55,23,663,6,1,89,49,26,4,0,medium,240,48,449196.49
541,541,97,53,79,funny,4,rainy,27,96,1,72,6,62,29,8649,4,0,83,63,34,11,0,low,225,39,382748.59
119,119,99,53,71,funny,1,sunny,21,94,1,58,5,69,39,4931,5,1,47,54,28,8,0,medium,251,77,147585.56
850,850,99,59,75,funny,4,cloudy,26,104,1,64,5,36,1,100,5,0,76,45,34,7,1,low,233,47,359914.09
330,330,99,53,71,funny,5,cloudy,14,85,0,95,4,44,19,7933,5,1,62,50,40,11,0,high,268,74,238509.92
433,433,101,36,88,funny,4,rainy,26,107,0,73,5,82,40,2889,5,1,83,59,36,7,1,medium,279,41,366089.37
471,471,98,44,65,funny,5,sunny,25,108,0,81,5,48,12,5236,6,1,55,50,27,5,0,low,297,68,199527.37
336,336,101,52,83,funny,1,rainy,16,104,1,72,5,38,45,400,6,1,31,44,29,8,0,medium,254,70,90689.78
659,659,102,61,78,serious,4,sunny,26,98,0,94,6,33,35,7628,5,0,87,57,38,9,1,medium,260,32,418576.91
611,611,98,47,67,funny,3,sunny,25,107,0,94,5,65,49,6278,5,1,75,48,34,6,0,low,263,23,294640.22
697,697,99,57,79,emotional,1,rainy,26,93,1,72,6,58,55,3676,5,1,91,46,34,1,1,low,240,21,431468.59
940,940,99,38,70,serious,2,sunny,23,103,1,76,4,23,46,8174,5,1,97,44,32,15,0,low,251,76,497372.72
441,441,97,56,79,emotional,4,sunny,26,87,0,72,7,51,15,5999,5,1,84,52,34,11,1,high,233,59,409671.57
749,749,98,51,66,funny,1,cloudy,13,91,1,52,6,42,26,8219,6,1,83,64,22,2,0,low,211,22,393401.18
735,735,101,50,82,serious,1,rainy,15,88,1,82,5,30,25,7608,4,1,77,46,42,20,1,low,246,67,342747.09
412,412,101,55,54,funny,5,sunny,27,96,0,71,5,68,46,134,4,1,64,38,33,3,0,low,236,33,228554.99
886,886,101,45,76,emotional,3,sunny,11,110,0,96,4,32,31,8067,5,1,55,43,31,5,1,medium,228,58,197080.22
176,176,102,53,84,funny,4,rainy,27,95,1,74,5,43,42,5213,6,0,91,60,30,2,0,medium,223,46,454680.47
838,838,98,50,81,funny,3,cloudy,29,92,0,63,5,77,33,9244,4,1,94,55,37,9,1,medium,217,24,473725.81
445,445,102,55,84,funny,3,sunny,26,91,0,84,5,58,41,629,6,0,58,49,35,15,1,low,240,66,206080.35
608,608,101,36,87,funny,3,cloudy,24,103,0,88,5,59,1,2986,4,0,76,41,37,3,0,low,242,39,353189.16
458,458,97,51,75,emotional,2,sunny,14,96,0,68,5,35,28,6436,6,1,52,52,33,9,0,low,240,74,180626.51
338,338,95,43,69,emotional,4,rainy,19,85,0,72,5,49,21,1714,6,1,65,39,35,9,0,medium,249,53,249604.67
935,935,96,50,77,funny,4,cloudy,12,102,0,72,4,17,27,5198,5,1,56,54,40,20,0,medium,221,73,205637.42
542,542,102,53,87,funny,1,rainy,28,107,1,71,7,50,14,7704,5,1,77,62,30,4,1,low,243,67,355929.19
310,310,100,49,71,funny,2,cloudy,11,92,0,84,4,38,37,2865,6,1,71,60,33,11,0,low,236,34,287690.83
303,303,97,57,64,funny,5,cloudy,12,99,1,59,4,58,46,2765,6,1,57,45,28,9,0,low,250,69,192560.53
161,161,99,53,84,emotional,3,sunny,21,102,1,123,5,65,44,8736,5,0,91,52,29,1,1,high,254,73,446159.1
739,739,101,62,88,funny,3,rainy,12,94,0,71,6,47,24,4839,5,1,38,53,41,9,1,low,277,34,121162.26
737,737,98,35,68,emotional,3,sunny,22,110,0,59,5,60,29,9407,6,1,60,40,31,2,1,low,226,54,215693.98
983,983,97,51,81,emotional,1,sunny,22,100,0,63,5,50,39,5234,5,1,62,43,29,12,0,high,228,43,231780.02
847,847,97,59,77,funny,5,rainy,13,96,0,82,4,80,16,2722,3,1,55,44,33,8,1,low,230,38,205069.17
